run_id,patch_id,P,v,h,x_norm,y_norm,signed_distance_to_boundary,T_peak,cooling_rate,zone_label,local_grain_size
2,2_0000,220,2000,0.05,0.5479120971119267,0.4388784397520523,0.6504150812388678,1488.9888895794866,433209.00607996364,2,30.43659913857339
2,2_0001,220,2000,0.05,0.5222794039807059,0.7860643052769538,0.3294872838425231,1319.6568095615628,603022.545702753,1,22.58275348796929
2,2_0002,220,2000,0.05,0.2877302401613291,0.82276161327083,0.46315474746195817,1371.7229548642267,607879.4826315544,1,21.521039535405567
2,2_0003,220,2000,0.05,0.6552623439851641,0.6316643991220648,0.369015048019142,1348.658291641147,525312.1038710395,1,22.629985054738505
2,2_0004,220,2000,0.05,0.5567669941475237,0.19463870785196757,0.6857684759327066,1526.3085053452783,296051.3876199947,2,35.17481087045437
2,2_0005,220,2000,0.05,0.48952431181563427,0.96750973243421,0.047812015770756,1189.3881830462287,722698.2100750718,2,23.233475002392012
2,2_0006,220,2000,0.05,-0.7401569893290567,0.47570492622593374,0.3816586848184135,1359.006324225508,472698.45038761955,1,24.485904990433507
2,2_0007,220,2000,0.05,0.6645196027904021,0.8047643574968019,0.13244346588259492,1251.1172063421068,653511.6040947217,1,18.75581986256914
2,2_0008,220,2000,0.05,-0.6001835950497834,0.007362269751005512,0.5582944368139013,1499.3019684885444,220477.4557108834,0,41.46405822084482
2,2_0009,220,2000,0.05,-0.08216844892332009,0.5687411959528937,0.8526311141711123,1523.6691014210085,489006.3127840235,1,30.57141199214027
2,2_0010,220,2000,0.05,0.13047221296237765,0.7649988574160256,0.6158852049113964,1426.0150201311658,592635.3548440587,1,26.17270137618591
2,2_0011,220,2000,0.05,-0.9383643308641212,0.43671738923236236,0.07121856464947396,1288.6799285445754,467410.7516536015,2,23.312057559118447
2,2_0012,220,2000,0.05,-0.883394516621868,0.28138389202199654,0.2182508772363977,1344.4702547115107,392676.56536871387,1,22.94836299634292
2,2_0013,220,2000,0.05,0.3286270806547751,0.4063868614400705,0.8581539298449901,1559.7229568240862,364139.5189142032,2,35.17349633071485
2,2_0014,220,2000,0.05,0.4447187011929006,0.4618772302513874,0.7400910751497849,1493.2185618682038,417179.389985269,1,29.336147291026478
2,2_0015,220,2000,0.05,-0.1076874488519386,0.3810212260964825,0.9646434663869922,1582.4366998629864,352451.90219141403,0,42.9994041106166
2,2_0016,220,2000,0.05,-0.7639881957589694,0.9618976645495145,-0.28512887646465535,1091.7726580258977,751352.1388140217,1,17.556940711503827
2,2_0017,220,2000,0.05,0.5575018079315892,0.7168901891589956,0.38748038642578075,1329.9189589497462,575588.3047795672,1,21.946361213513935
2,2_0018,220,2000,0.05,-0.08844742033277786,0.20236336479523032,0.9890362247518647,1629.5675477586424,267032.77196907427,0,44.36143826582626
2,2_0019,220,2000,0.05,0.5170390596704202,0.7194629559509368,0.4276249816952782,1366.9867131063288,577406.0227164094,1,22.554891055178683
2,2_0020,220,2000,0.05,-0.8311113577202218,0.41580740217060963,0.2712025690413681,1348.423944583441,467967.19568597677,1,22.940147471145973
2,2_0021,220,2000,0.05,-0.7931940645548967,0.587644572177712,0.213052370250979,1290.2559502715224,513985.5302356475,1,19.066780093731694
2,2_0022,220,2000,0.05,0.1818309829628335,0.022803871029697498,0.8954937828817036,1580.2702335949796,161540.97560252756,0,47.983853051390426
2,2_0023,220,2000,0.05,-0.026683338323679306,0.4907069943545209,0.9190944255719077,1570.086398293145,393653.2922194324,2,36.51003414763574
2,2_0024,220,2000,0.05,-0.33686200531489563,0.5206724024715378,0.7851211527527855,1499.0697791856942,439008.2682321626,1,29.169423331299413
2,2_0025,220,2000,0.05,-0.7195018220027785,0.5540361435390494,0.3543752920404295,1323.0533560953772,491854.3843840151,1,25.75621857005479
2,2_0026,220,2000,0.05,0.537294983835314,0.10774094595589656,0.6833035280858619,1515.2414093445611,221841.24484102157,0,42.338787679713946
2,2_0027,220,2000,0.05,-0.2581554322751225,0.8297897431324132,0.4680877503071912,1380.0257275063543,610027.5529737469,1,23.569135040673256
2,2_0028,220,2000,0.05,0.030114258463429078,0.25596509056760275,0.9990438825714819,1604.8537941233185,296999.6010562948,0,44.43762293200322
2,2_0029,220,2000,0.05,0.9847511281116741,0.891677266254914,-0.53963058228037,1034.7098493794897,763001.5236269627,1,15.891220164066779
2,2_0030,220,2000,0.05,-0.368141896338414,0.772012432110988,0.4873130953320811,1368.6995468962352,619400.6807234837,1,25.408882622935412
2,2_0031,220,2000,0.05,-0.47507896815427064,0.9368131505337792,0.12141097229271824,1201.7130782534846,749284.0366822428,1,16.821602389060683
2,2_0032,220,2000,0.05,-0.6414633836845218,0.5993827915208435,0.41957201457415316,1351.7833564775826,499839.6539238899,1,23.19496081655183
2,2_0033,220,2000,0.05,0.0014823724046846287,0.14389750255125078,0.9844161555618645,1633.0294451164812,261656.77294571325,0,47.50819239483625
2,2_0034,220,2000,0.05,-0.7563349907429378,0.506329931620633,0.33701615846350186,1339.3314582618923,455087.08875549375,1,22.854420131067133
2,2_0035,220,2000,0.05,0.4308142592316033,0.7389840039155418,0.48345740472054555,1380.1446410342141,571462.8728190447,1,25.162339684365392
2,2_0036,220,2000,0.05,0.32572842552716486,0.9556232570469699,0.2047602580138721,1252.9011858742208,703416.7504886838,1,19.02815890196475
2,2_0037,220,2000,0.05,0.2679502233621702,0.1058974037507533,0.8994614207125874,1602.9136044318727,227567.126406896,2,40.764214885387354
2,2_0038,220,2000,0.05,0.8660464432004225,0.8043609156129707,-0.1753873411008655,1111.8222807044006,667905.0516373022,1,18.459967285866075
2,2_0039,220,2000,0.05,0.6588572297654727,0.7968170883251617,0.1520539631256872,1213.655055900198,639949.829439114,1,18.03111554847021
2,2_0040,220,2000,0.05,-0.2516319131856346,0.4258820863735099,0.8938654518138054,1558.8618066849597,348399.93017824175,2,39.565256962580094
2,2_0041,220,2000,0.05,-0.5266752740048377,0.7460142802434464,0.3820869741527261,1379.9469978906668,652899.7860912587,1,20.871422928509933
2,2_0042,220,2000,0.05,-0.7076535116146034,0.8246641904563413,0.042148401211849595,1195.0550960008215,663211.6981881435,2,22.867783698890328
2,2_0043,220,2000,0.05,-0.4305598353241289,0.15361339519205863,0.8017595741068324,1533.6843273469447,251867.26530585278,0,44.82102890739821
2,2_0044,220,2000,0.05,-0.8932361347456492,0.5911438161109712,0.04105086395730817,1262.684860808138,554575.4082131241,2,23.64015078619045
2,2_0045,220,2000,0.05,0.7500098844692171,0.851131626822206,-0.06266601402078376,1181.2609851075272,689886.6828449116,2,23.73644881815147
2,2_0046,220,2000,0.05,-0.16747514859361545,0.04925411992759399,0.9161750388027924,1591.5025397499978,216832.41514529503,0,47.00391038140474
2,2_0047,220,2000,0.05,-0.801773716840249,0.8435749515977528,-0.1304967652155158,1161.1855447471264,672628.5386321384,1,16.987719073633052
2,2_0048,220,2000,0.05,0.28496655199109533,0.778996354578129,0.5314762190463762,1389.467348755537,591311.0078202891,1,26.193564990292636
2,2_0049,220,2000,0.05,-0.07440126881296827,0.3850894961003535,0.969206081708851,1595.5416374935044,361544.0196730336,2,34.47609006087542
2,2_0050,220,2000,0.05,-0.16622126281022997,0.2325699405288737,0.9719499977092645,1580.596878236455,296366.5307674742,0,45.86683181917448
2,2_0051,220,2000,0.05,0.3714866909118908,0.2968764745712853,0.8589562490383336,1590.0104021088416,334195.7172215634,2,37.896146356657
2,2_0052,220,2000,0.05,0.07086957966000629,0.8485604887736246,0.49909562209622527,1380.6360722556099,650930.4457131309,1,22.95233561752937
2,2_0053,220,2000,0.05,-0.42368877163507657,0.7348931623102908,0.4950603108038216,1360.5178568418053,593587.5569231163,1,25.277749908307886
2,2_0054,220,2000,0.05,-0.8098085035401308,0.7257156282714269,0.03098477723882964,1237.3742904637918,588318.5312987657,2,21.259824896739158
2,2_0055,220,2000,0.05,0.6017683521701933,0.5936820044663541,0.47439067012704694,1406.545570226458,495423.3266488975,1,24.549069597727737
2,2_0056,220,2000,0.05,0.18015179071661835,0.09504919756440122,0.9343138427854214,1620.8441306981942,237199.4552257924,0,42.8098386602055
2,2_0057,220,2000,0.05,0.045263551026245574,0.7639233900065879,0.6323910022344965,1436.943849688737,611046.7884128684,1,24.063952033866446
2,2_0058,220,2000,0.05,-0.7605328229977544,0.1171035659001105,0.3971448947673346,1453.467266221624,286204.425727335,2,30.331767923333633
2,2_0059,220,2000,0.05,0.3424628266171852,0.33363775832823817,0.873037171391357,1569.1840393903299,344203.1798789573,2,34.87888841110025
2,2_0060,220,2000,0.05,-0.3711200395914742,0.15761164862499966,0.8504559266360578,1585.41405377469,273756.71658709995,0,44.595998616814576
2,2_0061,220,2000,0.05,0.45937141735475584,0.5529930652528999,0.6619124371232293,1447.865184816976,474351.4127507509,1,27.030695669435357
2,2_0062,220,2000,0.05,0.9732630898486441,0.7177602360036435,-0.25007791180039307,1142.1779038872264,654970.2392083429,1,16.505129476596647
2,2_0063,220,2000,0.05,-0.7561566433297748,0.5882579999692207,0.2698624601002514,1313.706912419645,529300.3628614459,1,19.218705673846557
2,2_0064,220,2000,0.05,-0.40928194931182027,0.4585480817985511,0.7722913275981669,1498.3934690430237,420837.64025979873,1,29.42143669692335
2,2_0065,220,2000,0.05,-0.778823178007779,0.9970346578375731,-0.37896800628448934,1047.8041105677275,786978.6088744687,1,16.215697828401044
2,2_0066,220,2000,0.05,0.9982094609484773,0.6656847361065369,-0.23558309655260157,1139.4285765149787,631603.3394160457,1,17.90005531570163
2,2_0067,220,2000,0.05,-0.5183438839177059,0.143021875166635,0.715479729848896,1536.1908023602564,276373.5341067763,0,43.912838465450214
2,2_0068,220,2000,0.05,-0.9276745790106076,0.0054298341287004614,0.05663154876639864,1334.7598428132767,217190.55476662723,2,25.74141855444971
2,2_0069,220,2000,0.05,0.6988176858461459,0.057231940153260386,0.46022197357898176,1468.1985359288071,236896.09139108052,0,42.195288785625465
2,2_0070,220,2000,0.05,0.6759604373107662,0.04015129954706642,0.48212734590096984,1447.537311783549,258934.6329748242,2,31.292747902885143
2,2_0071,220,2000,0.05,-0.6895740151178182,0.7346210919351616,0.19942525172490932,1262.8816299968257,600207.6870336012,1,22.471661679527873
2,2_0072,220,2000,0.05,0.22308721195413916,0.054500314991295595,0.8973322663282692,1585.7153766327883,207010.8726320849,0,43.433992549266875
2,2_0073,220,2000,0.05,-0.6537443071549935,0.09172100582419807,0.5379440002433322,1465.5958746187914,230671.05466197198,0,42.213775480687715
2,2_0074,220,2000,0.05,0.2728166842155537,0.5724131499586373,0.7816952931233183,1511.142211676702,494450.2787775502,1,25.98442830749184
2,2_0075,220,2000,0.05,0.3995518891781322,0.6492331552453089,0.6197532882041856,1460.2975211335754,530308.7910658852,1,26.331343411196105
2,2_0076,220,2000,0.05,-0.051662541034763754,0.11921752619774462,0.9736575486997309,1626.861661603832,225446.82009524075,0,45.59731378405524
2,2_0077,220,2000,0.05,0.22197509407325655,0.634629117418263,0.7459664237482596,1490.2109184508504,486050.5402153175,1,24.766490178300703
2,2_0078,220,2000,0.05,-0.36591817736552423,0.0360598342773637,0.8027538604708228,1569.772839318529,236499.15434018994,0,43.23367022188506
2,2_0079,220,2000,0.05,0.13154380086384188,0.7020021811103714,0.6999197969961168,1454.0443904545943,544715.6238438817,1,26.081204540078858
2,2_0080,220,2000,0.05,0.09828876719935886,0.4314181951798901,0.9447855998447434,1578.0315577713188,433184.0121373874,1,33.072448806328836
2,2_0081,220,2000,0.05,0.7728057734474154,0.9210571972951916,-0.22050594277009772,1110.160392467189,739171.0413013215,1,16.40581402216981
2,2_0082,220,2000,0.05,0.6747647246901372,0.4941416465174234,0.4621940977128213,1413.7206548283978,474163.1182136982,1,25.169087305738476
2,2_0083,220,2000,0.05,-0.4387771277326882,0.3341300405015458,0.7976782810163108,1531.9183323845953,366008.13465844485,0,42.4936266367872
2,2_0084,220,2000,0.05,0.6543468490413729,0.8565480235745582,0.06262535007391357,1245.4103542932012,699915.1764193214,2,19.748809311584097
2,2_0085,220,2000,0.05,-0.270161277843495,0.9584291809009724,0.23238049038715647,1313.7299701723364,724674.2268410434,1,19.427758363383294
2,2_0086,220,2000,0.05,0.4108127309680254,0.38784169516364975,0.8049348614232592,1536.1757475388176,371705.348403078,1,30.52986932139471
2,2_0087,220,2000,0.05,-0.6724973914834083,0.16590686787653364,0.5379595008420118,1485.333309317731,321736.2228065455,2,31.102267741450486
2,2_0088,220,2000,0.05,0.9806433286525451,0.1415958885687747,0.02207367736691246,1317.8107082914978,319739.8623098524,2,26.465364574737972
2,2_0089,220,2000,0.05,-0.13244194535481402,0.4693269341904013,0.9158787794686108,1556.0029311622823,384253.1472298404,2,36.86588193921503
2,2_0090,220,2000,0.05,-0.5342954301125875,0.29205933031452835,0.7120799680784431,1502.405442837357,357777.9215640912,0,40.89288693473392
2,2_0091,220,2000,0.05,-0.5126650918885729,0.8435883847625412,0.24949675888759715,1290.0465774613328,653259.9839835158,1,19.58943399978713
2,2_0092,220,2000,0.05,-0.8837830365571053,0.3666083849326124,0.20010745372422434,1339.1815954295462,436546.7665015934,1,22.77925502754767
2,2_0093,220,2000,0.05,0.5372551789187583,0.852015516881169,0.20973378266863918,1268.4230784872332,658892.7158070292,1,17.73225243856905
2,2_0094,220,2000,0.05,-0.31881840881695145,0.4988169585314852,0.8126664085622524,1513.2997871776063,410365.892144899,1,30.12386594368236
2,2_0095,220,2000,0.05,0.2616644807294848,0.17750658243696749,0.9242579340021218,1619.193178288706,271115.75126429053,0,44.72277410022476
2,2_0096,220,2000,0.05,-0.10358534348625703,0.30753507242078615,0.9846883678833945,1577.7741748803928,313939.09430236556,2,36.54247955608953
2,2_0097,220,2000,0.05,0.26753954613852593,0.9818059475425355,0.1871908336621947,1273.4238000769074,757142.890106237,1,18.327185384376982
2,2_0098,220,2000,0.05,0.44139189343670315,0.9632112235493796,0.10113132873112574,1212.9350398269257,710049.81847304,1,20.333898009982498
2,2_0099,220,2000,0.05,-0.11982260094526276,0.5531038024112752,0.8584841843910537,1537.8059756137143,482925.80573652463,1,29.6387918244465
2,2_0100,220,2000,0.05,0.46750699487583236,0.7499835379352686,0.4354392329860879,1352.927431944502,558412.6627054402,1,22.609702602323793
2,2_0101,220,2000,0.05,-0.020600516366188204,0.9855401694949262,0.2507599219218136,1273.3343467296602,692194.8513624391,1,18.490375089997798
2,2_0102,220,2000,0.05,-0.8303614553763359,0.5554617101377639,0.18135541555638368,1283.0866845661578,530417.9457293343,1,21.21818971096423
2,2_0103,220,2000,0.05,-0.2545953173865316,0.04869847231385127,0.8790949890032217,1580.1532684399776,201145.2594883687,0,46.704307345748646
2,2_0104,220,2000,0.05,0.7309130961113257,0.7394314684765099,0.13421841640344323,1271.521072253672,621126.7830314456,1,21.023304482479848
2,2_0105,220,2000,0.05,0.7162506092496463,0.0045001249396591225,0.40356611851471047,1445.0863954409615,209500.13193578625,0,39.42386325223211
2,2_0106,220,2000,0.05,0.7912697627673937,0.6716128088558587,0.12786121361470126,1242.3461666521937,534764.6764478694,1,23.673768036688553
2,2_0107,220,2000,0.05,-0.40211269776218894,0.590320250883149,0.6780038237500831,1459.2532286826322,481635.2840697528,1,25.445522771246313
2,2_0108,220,2000,0.05,-0.8303768175284738,0.34192693854566036,0.2987780612844635,1332.6529764276968,415069.59777828155,1,23.65490726184063
2,2_0109,220,2000,0.05,-0.18411609773743565,0.1368212780296263,0.9483719572157423,1626.8167670013256,198960.01118309452,0,46.30776742260602
2,2_0110,220,2000,0.05,-0.006166807739301117,0.1343669133130615,0.9814553812272905,1659.7431060543747,206963.10457816155,0,47.66952616318731
2,2_0111,220,2000,0.05,-0.09344016699967317,0.6345402649517972,0.7866028931575806,1522.4165575475697,492134.00907440856,1,28.26121536474469
2,2_0112,220,2000,0.05,0.08171327388990246,0.28454087511182524,0.9916716300695146,1610.3084101172087,268990.23022865085,0,47.26078193626433
2,2_0113,220,2000,0.05,0.05908411057014473,0.7423179494179767,0.6610392224537454,1456.9824546608163,570502.4475690986,1,23.82594475824385
2,2_0114,220,2000,0.05,-0.3550153056626695,0.15544156408342247,0.8615886340559825,1629.5550798832646,259965.69061061175,0,44.83910058087629
2,2_0115,220,2000,0.05,-0.12322748283161422,0.47625730858672566,0.9139604965560792,1586.7697969355245,396306.14626500924,2,35.29504437399237
2,2_0116,220,2000,0.05,0.12434146747514441,0.10189415731454488,0.9541788664037487,1611.5584945005808,207033.71746103576,0,46.49358267856269
2,2_0117,220,2000,0.05,-0.9283144971636736,0.9597745223292203,-0.5590409856410234,971.6286114077974,780143.0330494836,1,13.802754420328249
2,2_0118,220,2000,0.05,-0.08976431517647532,0.5160878012571124,0.8939455262290721,1572.209715862527,423748.13498183497,2,35.34506281565563
2,2_0119,220,2000,0.05,-0.8789430983469277,0.6981897256099134,-0.050567309428983576,1179.3071769482372,625322.5729333395,2,23.154694874397467
2,2_0120,220,2000,0.05,-0.9966785846503989,0.11207037099869754,-0.019699803254960457,1257.9550620601074,317763.4728090795,2,24.204120203730312
2,2_0121,220,2000,0.05,-0.33381167797872435,0.43132702014644964,0.8430618214509925,1535.293347445914,370911.7222951789,1,32.17237361474613
2,2_0122,220,2000,0.05,-0.5150342939433346,0.47986340055106513,0.6616086270478971,1454.5216825627308,462994.4149051494,1,28.30284919895224
2,2_0123,220,2000,0.05,-0.9028614203060839,0.4607696052395662,0.1233549906808844,1295.838168444016,479214.7901704036,1,20.208568524647887
2,2_0124,220,2000,0.05,0.8376463870613657,0.009259781821123414,0.21813281723430278,1389.7906599951696,258956.77482602088,0,34.00973128847509
2,2_0125,220,2000,0.05,-0.5167221825218284,0.5692120504306768,0.5919651990446783,1417.4699132236894,448212.7971799581,1,27.897179763312455
2,2_0126,220,2000,0.05,0.238238172853948,0.1627434861049576,0.9327045809992045,1598.4830510854129,230238.67252086106,0,45.86557450965181
2,2_0127,220,2000,0.05,-0.09108513940268437,0.6034244543333215,0.8188192829567326,1548.8791825563005,502551.27254209603,1,29.82646947515051
2,2_0128,220,2000,0.05,0.598427044482982,0.6007339188626425,0.4716230906448624,1416.9733168030605,525912.0732240606,1,25.040935597495906
2,2_0129,220,2000,0.05,-0.940330459800605,0.3464786554071809,0.10289540014394738,1295.108372949731,411825.94851221325,1,23.609645374275942
2,2_0130,220,2000,0.05,0.47716077291476533,0.31715317112997876,0.7660760073203634,1534.172490363647,368981.48725200613,2,34.884839412540956
2,2_0131,220,2000,0.05,0.386190853859403,0.17294393644207806,0.8426384417918262,1574.377900822578,236155.08170516716,0,45.040128434402114
2,2_0132,220,2000,0.05,0.986169163861013,0.5846388341341655,-0.1275235980349989,1184.43898937348,570047.5230666044,1,17.570034984474123
2,2_0133,220,2000,0.05,0.2435840597215131,0.27318719150087634,0.9399226593448136,1580.2685026575293,277595.0190374939,2,38.396031164068944
2,2_0134,220,2000,0.05,0.6724903536852025,0.018160543914364058,0.47336290634833256,1482.4117796701914,242928.45610027522,2,32.702118985278744
2,2_0135,220,2000,0.05,0.22154026647083658,0.5535408400896115,0.8233945932354119,1527.655304916648,462016.5614085678,1,30.755497576730967
2,2_0136,220,2000,0.05,0.5168444743695082,0.9834170759929376,-0.011627321216439057,1170.538256514876,757215.8940143232,2,19.667960162704478
2,2_0137,220,2000,0.05,0.040460134091987676,0.4079614303605652,0.9638275955678665,1574.8229651309778,373827.01230956474,2,37.25925007641237
2,2_0138,220,2000,0.05,-0.7012516872636985,0.9615496295410325,-0.1925191542188769,1106.6075180011608,788782.2689907332,1,11.965239964160038
2,2_0139,220,2000,0.05,0.4669898091256597,0.8783657338108016,0.23542433072975266,1276.6129732587713,673288.2167239231,1,15.399737610053588
2,2_0140,220,2000,0.05,0.5659202600521698,0.5699338186415264,0.5380627737115515,1396.3742972642258,483564.50171381014,1,24.070677943999698
2,2_0141,220,2000,0.05,-0.800275045678541,0.2043973670814292,0.35668151198516973,1436.058578654788,319811.74784139474,1,25.33589601128154
2,2_0142,220,2000,0.05,0.4386250673816472,0.8875710884880433,0.24498259299686287,1280.8565334512596,686596.774397192,1,20.63425979826464
2,2_0143,220,2000,0.05,-0.1817200447504057,0.6017747558677085,0.7957038061445114,1498.0467107047673,471521.9936613789,1,28.701049134623627
2,2_0144,220,2000,0.05,-0.2117860348137628,0.13110869302621986,0.9355824638676441,1617.4524817226377,240495.4180750685,0,47.220655843387675
2,2_0145,220,2000,0.05,-0.5128065092827852,0.09892450510482231,0.7054394422962735,1532.8646393139436,240597.9283890729,0,44.70434698919384
2,2_0146,220,2000,0.05,-0.6284677302578257,0.5220123013665123,0.5026190496097585,1400.577708500774,469812.5003154935,1,23.64693291693812
2,2_0147,220,2000,0.05,0.9186646952712167,0.6525192007526632,-0.06819631988040498,1158.9900588853004,553907.4035564315,2,22.744706478865076
2,2_0148,220,2000,0.05,0.5296071052144686,0.8767107972646193,0.17589496682876626,1259.8691395085175,699718.894146399,1,16.606296035764014
2,2_0149,220,2000,0.05,-0.8563557189942312,0.1377935359278052,0.2492288748232646,1394.5938294497348,295347.09171678586,0,34.74291855750379
2,2_0150,220,2000,0.05,0.23351235815461813,0.542364402302205,0.8271647900305565,1515.2561756893358,449237.3446076652,1,30.884520088585973
2,2_0151,220,2000,0.05,0.16845572012243637,0.7351294275196334,0.6458779486341183,1446.4192614899944,532264.0774978825,1,26.25106419047529
2,2_0152,220,2000,0.05,0.5447059753491361,0.2068135275140317,0.7007139867085224,1506.9881231404047,334541.3284966452,2,32.311276566838856
2,2_0153,220,2000,0.05,-0.4709203776973778,0.846478536067957,0.28579573629181854,1282.4159664177116,662600.3604051066,1,19.2137927800566
2,2_0154,220,2000,0.05,0.42049040267197313,0.8513346494022038,0.32269874088474615,1338.5104365126626,663985.7187551417,1,17.751365764216594
2,2_0155,220,2000,0.05,-0.6774918742961518,0.9400190108075147,-0.11799348925396469,1147.2845146867585,730379.869945219,1,18.693513945990837
2,2_0156,220,2000,0.05,0.05949133236499593,0.5365680135770893,0.8827981842723734,1538.945816267595,441518.45412044396,1,30.747083633722667
2,2_0157,220,2000,0.05,-0.03593848082729889,0.953205524905189,0.314282113821179,1300.8064784869732,716965.4887911886,1,19.677501642340857
2,2_0158,220,2000,0.05,-0.9398908424776424,0.11895331074021132,0.09283602115960643,1321.4504047729376,327920.93244550406,1,23.815479985735458
2,2_0159,220,2000,0.05,-0.19909750950944338,0.5318860913460681,0.8503812633758376,1539.5239363586754,382293.0318183948,1,24.95329302495794
2,2_0160,220,2000,0.05,-0.06248140597209506,0.15287712212633597,0.9830402214420579,1634.269409594896,214885.96331616357,0,49.16621959877385
2,2_0161,220,2000,0.05,0.5889140609917687,0.6227087449882082,0.460914749747934,1385.556715949665,533423.621056936,1,24.059722408053638
2,2_0162,220,2000,0.05,-0.12402079415925482,0.6390136492641646,0.7751633141540697,1492.913307318423,474695.66017264413,1,27.25497587669463
2,2_0163,220,2000,0.05,-0.0834759169269721,0.12903005718204175,0.9727774777771042,1618.3325953771903,225113.64220085889,0,47.784630505349185
2,2_0164,220,2000,0.05,-0.3616870107838599,0.7261801283839011,0.5553451156866948,1428.3227593923257,559308.8151791864,1,25.338500262575167
2,2_0165,220,2000,0.05,0.9001221892488742,0.34271364275495586,0.17788271632092312,1324.7229478910003,428280.21159395314,1,22.729062176568757
2,2_0166,220,2000,0.05,-0.10073462315463888,0.8924876896873263,0.4185162984663937,1332.3297865113495,654736.4118225309,1,24.056902199826432
2,2_0167,220,2000,0.05,-0.2673290228869274,0.7385107126866286,0.5982338559311817,1417.5658804209143,576486.374010723,1,25.154493519989337
2,2_0168,220,2000,0.05,0.814172653819017,0.41930098792781023,0.29745116034308106,1351.6061346482225,425319.6392021238,1,24.203784000691037
2,2_0169,220,2000,0.05,-0.7483859633754295,0.09172367905900669,0.405245240451535,1443.2305775150003,257840.48622639765,2,32.20820071277604
2,2_0170,220,2000,0.05,-0.3469063146564402,0.19780984725919692,0.8758860267849009,1571.8080328284734,238214.41408740467,0,44.001384404308766
2,2_0171,220,2000,0.05,-0.7412743930834511,0.2751525256017133,0.4496366346512942,1416.6178797029356,365006.6386453768,1,26.307128438714752
2,2_0172,220,2000,0.05,-0.5949551841516281,0.5420790349507192,0.5279519791518035,1376.574641673496,470955.55451489,1,25.50256920858221
2,2_0173,220,2000,0.05,0.25095631382787253,0.32049116167801617,0.9301434145364783,1609.843943540828,331286.7403504076,0,45.748378388876255
2,2_0174,220,2000,0.05,-0.19987710773048928,0.8751076133225116,0.4192055041114995,1360.4317391795387,644477.8293303174,1,22.990595235747477
2,2_0175,220,2000,0.05,-0.3555686523541235,0.5445484020413396,0.7534896031584266,1511.3468797679186,458963.75845228025,1,27.016019229384266
2,2_0176,220,2000,0.05,0.8253436705110722,0.9238744994985063,-0.3097137537943673,1060.6227428841228,761658.8701010873,1,15.173161247078136
2,2_0177,220,2000,0.05,0.5251801839252814,0.4806076309423065,0.6505804049328676,1441.4839129030197,464686.06630766916,1,27.61514690737249
2,2_0178,220,2000,0.05,-0.4843831805952912,0.5859613740960548,0.609151418945304,1438.8139296520894,521146.5487826461,1,27.493837025829443
2,2_0179,220,2000,0.05,-0.6646009606444381,0.007507032799999869,0.4769175504579498,1443.581047678478,225162.23576115532,2,32.792448388749676
2,2_0180,220,2000,0.05,0.5486718023661024,0.11570416730942945,0.6739968025228604,1516.4285277348233,218596.51820799816,0,43.69568422183805
2,2_0181,220,2000,0.05,-0.154399334906413,0.6196685259698614,0.7870192272590315,1488.3648047228596,519838.3433919364,1,27.71937996458961
2,2_0182,220,2000,0.05,0.5814759477919877,0.27063215227086046,0.6612965377694054,1500.185844459033,321019.7591019563,2,31.60737366067529
2,2_0183,220,2000,0.05,-0.6472872399838483,0.4234953946796538,0.5393574269125019,1425.0338740646937,417982.0671830398,1,26.51805919770162
2,2_0184,220,2000,0.05,0.9840840110561098,0.9994219092241878,-0.7457683277024088,916.7088876062289,865871.4974419675,1,15.637101548991541
2,2_0185,220,2000,0.05,-0.36334722474195935,0.4612088858375738,0.8062359659584762,1538.1195053272102,421947.78726443695,1,27.754477738875686
2,2_0186,220,2000,0.05,0.5749277492630045,0.8321200752819861,0.20044246783837216,1253.4084656070909,682087.0922133175,1,21.110318395922793
2,2_0187,220,2000,0.05,0.602778867685446,0.49125744639136615,0.5560968678977576,1429.8742662558443,452059.66235071886,1,27.72293735352416
2,2_0188,220,2000,0.05,-0.6929489558907722,0.5338400132739604,0.40831288205879934,1358.0761641390125,495095.06399197655,1,22.586346277379103
2,2_0189,220,2000,0.05,0.5492477625844596,0.034838350279915664,0.6342514136208532,1511.404290146967,249420.85862322614,0,42.127412065393905
2,2_0190,220,2000,0.05,0.7216019472410722,0.8231246099500947,0.02465835495526547,1203.5940025512043,655379.415955988,2,21.856250896919008
2,2_0191,220,2000,0.05,0.47559511221274575,0.25745195932396336,0.7737324287580087,1539.6566716748587,309576.8078319308,2,37.993271551771755
2,2_0192,220,2000,0.05,-0.26419131955636477,0.21918921647863232,0.9288890305725193,1586.9450381018237,276996.2628208156,0,46.39384587865125
2,2_0193,220,2000,0.05,-0.6474172699557397,0.17534651145392188,0.5731371853421581,1499.1603415583395,294040.69381817646,2,33.611105446526885
2,2_0194,220,2000,0.05,0.30707965138728666,0.4487295072012506,0.8510399188008149,1545.2286931677086,399287.5586556336,1,26.545076349604226
2,2_0195,220,2000,0.05,-0.6153986419297339,0.22079792120893404,0.6201042189079671,1482.2755131213405,303296.37531834975,0,40.17230888694999
2,2_0196,220,2000,0.05,0.10181753698080587,0.8285469248387858,0.5263576954048015,1419.8344013659691,613402.7045252197,1,21.92495254250993
2,2_0197,220,2000,0.05,-0.02761584875544898,0.2601846553429914,0.9990937978325258,1597.5036309353445,288485.9372550029,0,45.24008967083739
2,2_0198,220,2000,0.05,-0.22926103828579403,0.270696761495107,0.946846496135351,1606.2621014428,274253.9514508777,2,36.73366601558547
2,2_0199,220,2000,0.05,-0.8678415781612103,0.0010674650227472382,0.16108295788566174,1327.723189475693,238101.4826311837,2,29.876175032450043
2,2_0200,220,2000,0.05,0.7805279236472376,0.46995594028734,0.323813370555461,1376.0901822796618,457463.5507601288,1,26.068156289946202
2,2_0201,220,2000,0.05,0.17154265030944482,0.1954865095820041,0.9664600109759494,1595.2719604685988,290795.6294280841,0,43.97876306392282
2,2_0202,220,2000,0.05,-0.15453193145587552,0.17613829917307988,0.9685689467293118,1614.8146013222677,238200.98250549694,0,45.57680948281397
2,2_0203,220,2000,0.05,-0.8894591809975447,0.35736962350205415,0.1929063292824672,1329.5830818523282,437129.35991087515,1,21.57182393672459
2,2_0204,220,2000,0.05,0.8593332418391102,0.0998310571767902,0.23033432218496985,1340.0771003665673,250669.72277029022,0,35.83760187014386
2,2_0205,220,2000,0.05,0.7047646358605326,0.7542715149378925,0.1513486616351707,1287.2707250261863,630220.5428434467,1,17.587081661122102
2,2_0206,220,2000,0.05,-0.1974700716277733,0.3239366689376362,0.9534392995122306,1582.2984087120906,337815.2119299183,2,36.394252513327665
2,2_0207,220,2000,0.05,0.9572682878008778,0.4986395468763152,-0.0019288367958114616,1240.2182723347373,516052.8544935251,2,23.589217330820087
2,2_0208,220,2000,0.05,-0.3578287471762902,0.19320832244513053,0.8674945120686463,1610.4756829330602,295394.32665966154,0,47.24288437588501
2,2_0209,220,2000,0.05,-0.18266124526657435,0.43151900368735463,0.9210305114158652,1570.938131074092,375413.46313295147,2,36.102351082503965
2,2_0210,220,2000,0.05,-0.3414750808044609,0.45104650018525505,0.8274505543290475,1564.817967135721,386839.974873789,1,29.00581968301424
2,2_0211,220,2000,0.05,-0.3585689066118478,0.3457308057626326,0.8587440663088132,1557.3019612797002,381783.9570890552,2,37.0316338308043
2,2_0212,220,2000,0.05,-0.22180657695583994,0.21453897256014365,0.9490613794889043,1596.4836529673005,271372.17158014973,0,44.7424987368463
2,2_0213,220,2000,0.05,0.8550097192500992,0.5973945290738407,0.10192314285231574,1274.856850407561,579244.2633300418,1,18.420107387828562
2,2_0214,220,2000,0.05,0.8478008010908598,0.5789775247502426,0.13143973690734845,1275.993711269834,524349.7997020091,1,20.56845157212751
2,2_0215,220,2000,0.05,-0.9469351255878513,0.7434599612223853,-0.23371413668052,1084.5725486192234,614819.3423819388,1,17.405460892401816
2,2_0216,220,2000,0.05,0.5732994249871985,0.33071606674610543,0.6623103527959057,1490.6580212520269,399197.186301489,1,28.21231922249647
2,2_0217,220,2000,0.05,-0.6788233748301626,0.774907903381328,0.1578447676081587,1218.6727624730956,636822.2833482714,1,16.57042967868859
2,2_0218,220,2000,0.05,0.711284243404807,0.18760929276503358,0.4886870429397201,1428.2203260009228,306005.5746249828,0,40.96058048999995
2,2_0219,220,2000,0.05,-0.036472897275656724,0.5643926803591786,0.8618631430398507,1483.3108082211556,436081.6533555564,1,25.724345628440894
2,2_0220,220,2000,0.05,-0.16476141469190875,0.11839908317866876,0.9488830169785964,1632.9925719927653,210808.9608486055,0,47.59967482188923
2,2_0221,220,2000,0.05,0.7486685126696264,0.023970355527955456,0.3687834855693555,1432.718664678372,205405.71962449345,2,30.717067059419048
2,2_0222,220,2000,0.05,0.3366614815903075,0.37673400787487643,0.8644285848728941,1525.0842368537308,366499.5460287276,1,31.23129942836157
2,2_0223,220,2000,0.05,-0.5713471942900268,0.1396236541791207,0.6567001860450523,1526.9308046738636,226582.03316573694,0,44.36294222409119
2,2_0224,220,2000,0.05,-0.19001187700836542,0.808969602506749,0.5314428685659267,1425.1185478497305,620711.5699669059,1,27.684538089032284
2,2_0225,220,2000,0.05,0.2684688679334566,0.4290261213574127,0.8835641179840521,1565.3202346964713,394936.46946807904,2,34.117468018125365
2,2_0226,220,2000,0.05,0.9174150519438682,0.04039922884216318,0.09754341724889204,1313.6465809480112,288763.8787417844,1,22.18165035323765
2,2_0227,220,2000,0.05,0.8717482040221611,0.8374757437877769,-0.23763039770583116,1122.3848156267695,740760.0078191067,1,15.17618174658597
2,2_0228,220,2000,0.05,0.831489715757419,0.5674481135493233,0.16914623003459583,1285.0281533252341,519253.3031160367,1,17.93927481665122
2,2_0229,220,2000,0.05,-0.37869162983783444,0.18936349167285382,0.8515036721314455,1581.8416219591709,246991.6204192651,2,38.99910125059434
2,2_0230,220,2000,0.05,0.4156877888028956,0.8300191791590281,0.36156733256221774,1342.5286863190138,646949.9580760064,1,21.21548743914031
2,2_0231,220,2000,0.05,0.5915771303339401,0.5456756940810478,0.5290342620903458,1422.2261357808725,485759.0491684369,1,27.11547389534471
2,2_0232,220,2000,0.05,-0.034123221056432174,0.45640385790184534,0.9398701351179308,1569.8930637921753,359172.9439845901,2,38.66191648022355
2,2_0233,220,2000,0.05,-0.8451278294791236,0.7798698438723117,-0.10283904324005033,1151.105484055376,646780.5857865673,1,16.101405947500172
2,2_0234,220,2000,0.05,-0.6849533173650411,0.20581979301300757,0.5281373742217486,1496.3960570439485,322149.20801045897,2,33.17410315553009
2,2_0235,220,2000,0.05,0.9543854598287147,0.23636043538354456,0.08889090240950315,1295.2688680873723,365209.73714985326,1,20.630592010422493
2,2_0236,220,2000,0.05,0.13713942940747081,0.9124487962956418,0.3738039772982712,1333.3724993269786,678668.1066282825,1,20.374023278838166
2,2_0237,220,2000,0.05,0.23557781701116642,0.8641368291927248,0.4224767323109466,1368.389183276964,677178.8903796872,1,24.94889507381923
2,2_0238,220,2000,0.05,-0.12431686864832558,0.9456936518244733,0.31466343770736893,1296.20940871916,697035.9589771263,1,20.648807659753622
2,2_0239,220,2000,0.05,-0.3585317620930968,0.6531918850228187,0.6464533200019016,1428.6467633351815,538439.1517589188,1,27.00893973570801
2,2_0240,220,2000,0.05,-0.6622539167745705,0.9366696918651266,-0.09119653502533298,1136.1010663747068,720090.630822281,1,16.354290032040414
2,2_0241,220,2000,0.05,0.016385829556489595,0.4366674893388395,0.9515034747266788,1520.5137409467754,358237.0478028685,1,30.943139599089594
2,2_0242,220,2000,0.05,-0.8663484905970742,0.592956631149616,0.08664548197582,1286.9452326007677,544933.2141761325,1,22.716750294330716
2,2_0243,220,2000,0.05,-0.061989841974655624,0.8967553715906984,0.417205687614556,1325.5469423768036,660146.216803503,1,21.59680433995458
2,2_0244,220,2000,0.05,0.5635140951478903,0.4281698635088733,0.6385148399845049,1468.815612537955,456225.22961673257,1,29.63734030094199
2,2_0245,220,2000,0.05,0.3250591887323997,0.6718541886140673,0.648023781327578,1430.6935998006097,514049.5317225275,1,27.833496093097313
2,2_0246,220,2000,0.05,0.011524629485482496,0.736573093115733,0.6721808508125071,1418.669359284703,532525.733432891,1,26.573826581009577
2,2_0247,220,2000,0.05,-0.6028326729373839,0.6268249827842086,0.4400570346671012,1332.5926690526233,525591.5787187031,1,26.854787807359585
2,2_0248,220,2000,0.05,0.9120933190452583,0.15442308802214244,0.15544225333470285,1368.9910717153803,330666.8855045319,1,22.903847626745602
2,2_0249,220,2000,0.05,0.5210920454597339,0.7081575538426351,0.437932500029778,1351.1077421714508,587846.6984965038,1,23.399658228398344
13,13_0000,220,1429,0.07,-0.453140595746655,0.30833320395284425,0.7899538943501672,1577.5886055119634,274185.40948809433,0,43.52170700118036
13,13_0001,220,1429,0.07,-0.037753796473700474,0.782211195267795,0.6065348496499192,1433.9785765325482,556156.6531287266,1,24.477017658318438
13,13_0002,220,1429,0.07,-0.518493857571461,0.36081056141751533,0.7141689909109562,1551.8261108313238,316218.7055667742,2,31.456505550352265
13,13_0003,220,1429,0.07,0.5035614184615631,0.3138467721116466,0.740783807443793,1562.8180825502425,295668.2686948307,2,36.53696019561165
13,13_0004,220,1429,0.07,-0.2614543173180628,0.23599726262055265,0.9313702535832644,1640.4241755316582,222029.0747139997,0,45.928318024246344
13,13_0005,220,1429,0.07,0.7343445532134121,0.9988296373336586,-0.3153807127985777,1053.3221061181061,737735.3792010287,1,15.141613695314296
13,13_0006,220,1429,0.07,-0.07813721785377958,0.08115400042389931,0.954435791002192,1659.464710803036,113904.54776219334,0,48.86246298776175
13,13_0007,220,1429,0.07,0.13633470258272906,0.5521627033044271,0.8550428844865726,1548.2673557148073,442217.1709272591,1,30.856634368049416
13,13_0008,220,1429,0.07,0.6956737344473092,0.9948242136208678,-0.25180015821985724,1161.3768443933116,728839.1261724026,1,16.244944005923834
13,13_0009,220,1429,0.07,-0.46382979035889793,0.6062993981927156,0.6091536056413768,1474.2730901685773,418084.5763809507,1,27.910573655987175
13,13_0010,220,1429,0.07,-0.660400052454585,0.19518552981865567,0.5597131186193496,1496.5489100206287,241452.02606334796,0,39.63453671473801
13,13_0011,220,1429,0.07,0.36265894537938226,0.1919211614110854,0.8638097675483043,1633.2919769380737,237227.03017051716,0,44.81231963964209
13,13_0012,220,1429,0.07,-0.7198891906210187,0.6777086144544695,0.22856279353350306,1314.2937348290998,508658.6036953702,1,19.639310276521503
13,13_0013,220,1429,0.07,-0.47080478930768344,0.4299570499000478,0.7335199578961197,1511.9536057299304,353594.10338473256,1,29.894576230749486
13,13_0014,220,1429,0.07,-0.24336397155242873,0.8351257910807337,0.46690243217672767,1376.5114028252822,582926.1238343936,1,19.99497158162631
13,13_0015,220,1429,0.07,-0.9227113803462308,0.20799807370846057,0.14616196212668153,1361.694832845458,311851.89056209096,1,22.676745614578728
13,13_0016,220,1429,0.07,0.49415160125977264,0.37154320840636157,0.7353674800800674,1570.2071815140248,303999.9576406852,2,32.94474691054695
13,13_0017,220,1429,0.07,0.723628835632028,0.6422524185679935,0.2634035783145823,1339.0878507694906,513810.2714124326,1,22.21948901660649
13,13_0018,220,1429,0.07,0.8466939354516245,0.24587558700505863,0.283085835333727,1386.7815290155586,304995.5126450983,1,26.481395829948053
13,13_0019,220,1429,0.07,-0.598875057356892,0.18537527280248567,0.6355682430247716,1565.924706709976,250757.39420274697,0,42.165824448610934
13,13_0020,220,1429,0.07,0.6054412105767313,0.26603087262166525,0.6330852465879606,1523.1670815617556,280320.33923114766,2,33.07591142592593
13,13_0021,220,1429,0.07,-0.19590440368586126,0.22468947454587374,0.9607347896008969,1612.3131390985466,234216.50879664678,0,47.467214981531555
13,13_0022,220,1429,0.07,0.27850068071234,0.782905274171724,0.5293743518254064,1453.40095423872,553828.6242586849,1,20.913187577988296
13,13_0023,220,1429,0.07,-0.5446777064015718,0.050535988650057706,0.648259217846272,1580.9417071933512,147509.55764357123,0,44.15414858482779
13,13_0024,220,1429,0.07,-0.7434134829777597,0.7808383545190479,0.057316519792633414,1286.6089150739945,560848.1189742036,2,23.689619615270946
13,13_0025,220,1429,0.07,0.05491526014511794,0.7447709278167541,0.658163177853503,1489.604006748512,469751.989102406,1,24.78789951725247
13,13_0026,220,1429,0.07,0.005749873960706475,0.5052769222930958,0.9097713582498715,1619.7359401284202,369553.221941283,2,35.53793698077562
13,13_0027,220,1429,0.07,-0.5065498930410575,0.736523217701888,0.4157880482642473,1387.9888636080557,533418.875625229,1,23.904431935132916
13,13_0028,220,1429,0.07,0.9212525712576654,0.7218363322336134,-0.1568440501051489,1199.6150869152486,635806.6071188,1,16.89842427445405
13,13_0029,220,1429,0.07,-0.052134524723844056,0.9866287468632301,0.24624820488850718,1292.425613526051,684633.9015102333,1,19.819988490875406
13,13_0030,220,1429,0.07,0.5755857012777454,0.3827831627802557,0.6442978225359168,1486.1676433186651,341129.2681738978,1,28.12632889929145
13,13_0031,220,1429,0.07,-0.32628691233346263,0.6063628402155351,0.7177659527271161,1524.3034758587414,428349.52288103645,1,26.00781829253968
13,13_0032,220,1429,0.07,0.42383562117715745,0.5635232369695373,0.6843124041177653,1535.0134017207354,412005.3102552426,1,27.254208166930283
13,13_0033,220,1429,0.07,-0.9382143259279356,0.3964362353648121,0.09007419554010332,1339.9731846673726,389979.47136402456,1,19.133223407385486
13,13_0034,220,1429,0.07,0.4921359579187301,0.8857051708583629,0.198465085766237,1276.7553925718776,642675.3171661487,1,22.91004938965763
13,13_0035,220,1429,0.07,-0.5385073894655661,0.027182133497585026,0.6412931110305133,1537.1901048411153,151058.7288380876,0,40.31922615957863
13,13_0036,220,1429,0.07,0.06322583739087873,0.47613382109041036,0.9252253238793713,1596.182471329818,362205.5352933782,1,31.329204445344736
13,13_0037,220,1429,0.07,0.6235047424385303,0.34956361145203385,0.597521541727082,1518.5631530883932,324231.2833587308,2,33.307262524157395
13,13_0038,220,1429,0.07,0.8437950129984009,0.3321630477034516,0.2786663547131881,1408.3579140176348,322912.2401539301,1,22.211064009956527
13,13_0039,220,1429,0.07,-0.8573909316303092,0.9898230692048735,-0.49268069577022056,1069.8885158789456,757596.6840293676,1,14.736132989583064
13,13_0040,220,1429,0.07,0.5488344091386648,0.630912007772655,0.49795870461130165,1435.3171195589769,476508.4831435137,1,22.856180312581678
13,13_0041,220,1429,0.07,-0.10521449641578107,0.3460638229047347,0.9761572342130778,1611.3191197452456,283090.077800274,0,46.34228648215067
13,13_0042,220,1429,0.07,-0.6929369073259051,0.2463522417832268,0.5198200256628307,1501.0648355220678,256423.05500978616,2,31.87057433593855
13,13_0043,220,1429,0.07,-0.8445106661499158,0.7650244051780429,-0.08032648382782148,1208.8062861145536,619866.9672982628,1,16.32324307988467
13,13_0044,220,1429,0.07,-0.4099615825752092,0.568833805384319,0.6912325451642004,1534.2135977425671,439334.5740479455,1,31.204574672219966
13,13_0045,220,1429,0.07,0.2470927392854918,0.1350797922175241,0.9206660720930598,1621.0579763038586,171386.1703444907,0,45.31993342460318
13,13_0046,220,1429,0.07,-0.10632231517169477,0.4090351320457297,0.953689097165316,1598.9310322649042,337456.1954890859,0,49.44042017751481
13,13_0047,220,1429,0.07,-0.5258758460306736,0.8297499101249115,0.25825050004270955,1320.3484292509302,601955.2578965258,1,23.1337029139974
13,13_0048,220,1429,0.07,0.23943877875928044,0.9279706081658242,0.30648340266330565,1307.5350994469259,649015.301371074,1,22.758642460031286
13,13_0049,220,1429,0.07,-0.8562993290275314,0.5156874385219721,0.16904929303313565,1287.1156791442734,432735.4703844919,1,23.438723674176217
13,13_0050,220,1429,0.07,0.924399977069404,0.45057646360088155,0.08980175125133683,1321.9509159123793,448083.36100496567,1,20.464722229394116
13,13_0051,220,1429,0.07,-0.13610867799903614,0.7692425812982214,0.6083078419834029,1422.1138303006396,528741.5442492958,1,25.468316193863007
13,13_0052,220,1429,0.07,0.8821525695293946,0.16736499964417928,0.21235557309163966,1392.0049574480918,282761.0346123199,2,28.39928055189367
13,13_0053,220,1429,0.07,0.5192861046127895,0.23067912532785784,0.729825268617533,1575.8564839915819,253810.7738597164,0,45.026370011555635
13,13_0054,220,1429,0.07,0.9976572219096098,0.22394566559395823,0.003740512773894533,1318.4702089763173,322921.4444170193,2,25.315177485315324
13,13_0055,220,1429,0.07,0.987045046291686,0.9902780870927544,-0.7327515514085521,972.9416649051658,774662.6295191408,1,16.470571443066433
13,13_0056,220,1429,0.07,-0.5922787453409122,0.5285417289424529,0.5418211199803695,1447.177968442944,435029.6403465447,1,28.402207307131256
13,13_0057,220,1429,0.07,0.970093393441742,0.9061068107651816,-0.5368959285148269,1056.8574812211168,719356.1996628366,1,16.629971931754596
13,13_0058,220,1429,0.07,0.12155474912402431,0.505502819357067,0.8948691617205373,1595.4939992931982,369555.3754727652,1,29.767949471667873
13,13_0059,220,1429,0.07,-0.3386460061072949,0.127225961891828,0.8644559559961775,1643.4299821959196,158684.9219444055,0,43.33331718604698
13,13_0060,220,1429,0.07,0.5186822000447748,0.5539811258168594,0.6030732392281511,1475.4653289017303,441375.8027834488,1,27.066604370059746
13,13_0061,220,1429,0.07,-0.4499379187394943,0.06494677920994363,0.7501583682080215,1602.8228091848337,155083.87886067745,0,46.62896702931853
13,13_0062,220,1429,0.07,-0.6892057614854488,0.6065663351954298,0.3490237209031525,1401.0411357863384,458153.5830586748,1,24.99751312236593
13,13_0063,220,1429,0.07,0.7861049695065052,0.011016667384228462,0.3029897959232104,1439.1022158367268,200244.83312779374,0,39.48617194294094
13,13_0064,220,1429,0.07,-0.5944190947816823,0.6599862442371142,0.41401719171234463,1391.942245461312,476169.09333283344,1,21.273499666725467
13,13_0065,220,1429,0.07,-0.3994561757149466,0.4772329099757965,0.7689679188720223,1578.9358337477775,340662.97332816565,1,32.10248738474753
13,13_0066,220,1429,0.07,0.4228186954194846,0.01843780287519381,0.7470083630705228,1557.6409621838254,151317.78849007748,0,45.37208052758757
13,13_0067,220,1429,0.07,0.621039431319595,0.7117058209193878,0.31926190700111856,1385.3856549188579,519728.1225252787,1,19.100506788622468
13,13_0068,220,1429,0.07,-0.914896364706447,0.2235903208760469,0.1619992838518689,1337.4069550663262,316120.60717908,1,21.378879878516077
13,13_0069,220,1429,0.07,0.8513733374734491,0.20134831905271522,0.2718873349673532,1421.6159402976111,282349.90479965246,1,22.991906275032477
13,13_0070,220,1429,0.07,-0.9758962739681496,0.7630192967767481,-0.31664869168375387,1126.7723445977608,633348.6842758978,1,17.847872508215453
13,13_0071,220,1429,0.07,-0.8436877202292234,0.8497891978050361,-0.2097288056719635,1186.9847608186697,596379.8281626594,1,19.08327419935339
13,13_0072,220,1429,0.07,-0.6928404418277709,0.7397700265661503,0.1879656461504492,1293.6992642006446,583091.5635944426,1,21.660429860317883
13,13_0073,220,1429,0.07,0.01966073211409869,0.31221427292207826,0.9942562019722908,1637.4200889638578,247802.0294417772,0,47.93219077028954
13,13_0074,220,1429,0.07,-0.5608408155958173,0.46392228611005004,0.6221181408150362,1483.36539417543,407084.5283427088,1,29.7832047425241
13,13_0075,220,1429,0.07,-0.2435989539806378,0.8517221827525187,0.4395251756175246,1376.6400983259048,577341.1969991379,1,23.199777434516633
13,13_0076,220,1429,0.07,0.38585318117170986,0.9873126199571438,0.09868839586954359,1247.0283272127785,659195.34646326,1,16.58066458673874
13,13_0077,220,1429,0.07,-0.8575110452668178,0.47530561788360415,0.1944151235777104,1350.6952829198167,434583.7167639377,1,20.91974032292792
13,13_0078,220,1429,0.07,0.04014382452297616,0.842731968806472,0.5121169344665832,1434.8327801471462,557565.3592385572,1,23.296758763153697
13,13_0079,220,1429,0.07,0.7701859764536014,0.4892651908307978,0.3275778086731078,1389.0809700647321,418617.2127125284,1,24.425859347916354
13,13_0080,220,1429,0.07,-0.42681247017237345,0.1397875904698681,0.8010189696798378,1593.5313943325789,217187.77887735024,0,44.43733446845227
13,13_0081,220,1429,0.07,-0.9359128212436456,0.6143861065351858,-0.05970752818743974,1217.1273406600087,540025.943947444,2,23.575585437999887
13,13_0082,220,1429,0.07,-0.5034115042294145,0.4565473229940522,0.6875293880170777,1527.820541087746,359776.7333192568,1,28.375049266609192
13,13_0083,220,1429,0.07,0.18703118488438442,0.021831391645811604,0.892962707730865,1652.443236391093,117740.08367920651,0,45.203436290392034
13,13_0084,220,1429,0.07,0.5656411312972904,0.9424042508085225,0.016487970048096656,1235.8739207748006,700321.7382540249,2,22.031850318450484
13,13_0085,220,1429,0.07,0.5751111697264335,0.6323550507663013,0.466900589035131,1415.4745959780057,525235.5187954757,1,23.03854651679747
13,13_0086,220,1429,0.07,0.0939755751564364,0.14674323320765248,0.9764115533661841,1634.5974572112987,209649.02635848257,0,45.4299291680896
13,13_0087,220,1429,0.07,0.6853092434363923,0.32390126271928843,0.5227922143810475,1457.3767161383525,356680.066726694,1,26.79971156505132
13,13_0088,220,1429,0.07,0.890833144879897,0.2658094132750657,0.2060703736607602,1378.2242721564367,310556.66695101705,1,24.30579059802738
13,13_0089,220,1429,0.07,0.004825987261876774,0.9711351518023279,0.28020382795772114,1322.6921511225034,667616.217390149,1,17.80952469112951
13,13_0090,220,1429,0.07,-0.4410252528596208,0.8554753634178817,0.2980913066778019,1344.3415567365691,599831.8898860841,1,20.33899474282676
13,13_0091,220,1429,0.07,-0.3971987265596286,0.031069600069839942,0.7758933515314096,1608.6677165675944,164147.19550018007,0,46.75371260137227
13,13_0092,220,1429,0.07,0.3496255048117394,0.2634754281893177,0.877510674669032,1632.5229116774594,268652.3964635624,2,36.02681416426787
13,13_0093,220,1429,0.07,-0.27740220229463386,0.8526227190394499,0.4204125281932293,1396.5969423841238,605693.5653857896,1,20.78934519733568
13,13_0094,220,1429,0.07,-0.9220412449253592,0.4946002239744529,0.06703126505323764,1325.8463400094959,509210.7539447,2,25.313902959816716
13,13_0095,220,1429,0.07,0.8738145762619074,0.6065321004079447,0.06051017818585547,1274.8987555257506,486822.1275634118,2,27.22438545668109
13,13_0096,220,1429,0.07,-0.674286897514595,0.5191672349143215,0.44505897866170385,1425.848559508212,423085.29794212163,1,25.0036358416211
13,13_0097,220,1429,0.07,0.8553368049084431,0.26457427782126164,0.26810495767903486,1393.803196504729,288803.3598306901,2,29.214874642665187
13,13_0098,220,1429,0.07,-0.9343800010045427,0.27935481219372915,0.12574134244395618,1323.3227241282204,337878.77455177635,1,19.051399418341198
13,13_0099,220,1429,0.07,-0.344152232938592,0.08973127774125123,0.8460075958098144,1631.6345122626587,148656.38096164897,0,47.827497225737865
13,13_0100,220,1429,0.07,0.8570523501146581,0.5042193555377686,0.17601146884454932,1330.2965976348332,433386.64119773934,1,21.987460570877182
13,13_0101,220,1429,0.07,0.6885447151648891,0.8955045771968844,-0.05080823195399442,1229.6902810296838,666189.9624529957,2,22.978859624887512
13,13_0102,220,1429,0.07,0.8584844880122999,0.09434150263965546,0.2294686498623556,1438.421336725616,240822.06094783742,0,36.67261879067223
13,13_0103,220,1429,0.07,-0.9316411781434797,0.7701869494441829,-0.24248049224792712,1151.0265978638,648824.1611531435,1,15.692467948953455
13,13_0104,220,1429,0.07,-0.44815231591837357,0.4141775215926705,0.761852569423764,1565.4323898642706,360593.26474533783,2,35.36889093217606
13,13_0105,220,1429,0.07,-0.14979473601538706,0.8794117334876851,0.4292444017652324,1385.4152486706407,612548.3892837,1,23.326796478053787
13,13_0106,220,1429,0.07,0.0050240986702920765,0.41774328636283964,0.9610296925227856,1626.1430556509474,323673.31823122635,2,40.7962277930937
13,13_0107,220,1429,0.07,0.13158043874818115,0.41340824438985857,0.9457284506515341,1641.3236422163989,325556.3154117635,1,31.71222852757415
13,13_0108,220,1429,0.07,0.9351860519949444,0.8381365548303041,-0.3533336537526859,1107.2847723743168,670845.3209983539,1,17.09307573855594
13,13_0109,220,1429,0.07,0.1683242983665918,0.2634493143569058,0.9714165720234488,1640.2969443588572,300127.70212169574,0,44.82618026879236
13,13_0110,220,1429,0.07,-0.8823029253351364,0.5978560332062036,0.0540622125292054,1304.4688699878723,497699.24949231645,2,24.332242920039107
13,13_0111,220,1429,0.07,0.3258489030738416,0.11867736707884491,0.8699531028605991,1607.289288699147,188294.31939699443,0,46.58455671151122
13,13_0112,220,1429,0.07,0.17526994930608608,0.7180623366342505,0.6660522774300837,1470.6320306327655,493460.1676783892,1,28.776112756159183
13,13_0113,220,1429,0.07,-0.035247990741771096,0.9223576385460033,0.3730623623858196,1383.3915711026245,691590.5679991941,1,19.72430137732424
13,13_0114,220,1429,0.07,-0.3705651050692733,0.35516488699387183,0.847374024072564,1570.9678895043176,298316.97980857216,0,44.94208959256974
13,13_0115,220,1429,0.07,-0.49338479858871254,0.7052724094776516,0.4696884414467155,1428.4712668720563,529192.4976626878,1,27.203070180527494
13,13_0116,220,1429,0.07,0.3109187854400026,0.09402120216883036,0.8696556190710922,1611.6078399695573,136699.97939674964,0,46.54440985031374
13,13_0117,220,1429,0.07,-0.35967806221426124,0.3683441642063441,0.851247136265326,1603.2732879399,325034.3357055662,0,42.65331910186781
13,13_0118,220,1429,0.07,-0.4909013707454357,0.38592129146321485,0.7334454670749537,1511.827559628618,327474.9585671214,2,34.38518487415374
13,13_0119,220,1429,0.07,-0.30923321366101586,0.5339056327223729,0.792814392867855,1548.4376101758676,400952.3775466019,1,31.123152302508046
13,13_0120,220,1429,0.07,0.04396022823610135,0.9097975765175444,0.3955306928269594,1376.5715792482758,639027.6173042933,1,22.944113313069103
13,13_0121,220,1429,0.07,0.9734238248963998,0.4583762911615126,-0.007651768091476496,1316.4415768332572,424089.9996167151,2,24.715791549719054
13,13_0122,220,1429,0.07,0.015353994923555714,0.7234313683772865,0.6895396727449532,1463.3743136610967,506080.305834728,1,27.07746247112678
13,13_0123,220,1429,0.07,0.6849100029053348,0.8690537862770027,0.0004794778110198683,1239.1257625584137,648962.3758935292,2,25.17251968468956
13,13_0124,220,1429,0.07,0.2967953704067223,0.42022247903243815,0.871807743582024,1571.7132186627282,308657.3163472892,1,30.218256798743216
13,13_0125,220,1429,0.07,-0.8128341093232545,0.888028758227551,-0.22413277900305273,1151.7446605643368,659842.5268852148,1,18.596031990409973
13,13_0126,220,1429,0.07,0.41636897351823476,0.6105220042138247,0.64673914014417,1510.5063634330554,461898.02633125614,1,24.613893828398957
13,13_0127,220,1429,0.07,-0.9136495498862309,0.004857337777279036,0.08206813342985986,1390.0128404351128,184955.2160482604,2,29.685594390397412
13,13_0128,220,1429,0.07,-0.027909500878253946,0.43613642264910535,0.9512670558346279,1595.5165198503576,341046.41561022855,2,38.779004062083445
13,13_0129,220,1429,0.07,0.796240161002189,0.9950094173238103,-0.40221850735080333,1062.6852398755007,751955.6619840511,1,16.316970319834518
13,13_0130,220,1429,0.07,-0.425053962903154,0.1745371316267883,0.811447267716362,1597.335021524682,180662.09881934835,0,46.103643199562924
13,13_0131,220,1429,0.07,-0.8660439737360202,0.4032735829303441,0.21745186154264462,1384.4416200038895,393893.94483682443,1,20.768615483983723
13,13_0132,220,1429,0.07,-0.6037645171758186,0.5736406687957091,0.49049500641739685,1401.7119399982828,473940.7815223203,1,26.619091041416347
13,13_0133,220,1429,0.07,-0.7228388971150743,0.42839264584146564,0.43345695845024,1446.1214353811574,396265.39331412874,1,26.704675588915055
13,13_0134,220,1429,0.07,-0.861720109985477,0.17031908811182894,0.24865084274650606,1427.977552220181,295813.47591198684,2,31.033558331840425
13,13_0135,220,1429,0.07,-0.8672034419134509,0.8625478004083255,-0.2713702633483046,1125.073069524383,659727.9150109848,1,16.018067837304528
13,13_0136,220,1429,0.07,0.7072603462934679,0.23470348905189575,0.4994589503156044,1476.5106569200307,286258.01068838546,2,35.3183540454761
13,13_0137,220,1429,0.07,0.001321681322539403,0.9890919394999024,0.24393334653740573,1310.4724792729621,698145.7812940759,1,21.253554840128263
13,13_0138,220,1429,0.07,0.7726696478660471,0.6652139656041213,0.16436204816247524,1323.5861321276318,521870.0688232667,1,23.80054808695539
13,13_0139,220,1429,0.07,0.04288642031598844,0.46222793014366814,0.9358206935918358,1635.7839026275503,371801.96133153606,2,33.00724075202179
13,13_0140,220,1429,0.07,-0.7001170441318787,0.8721043020035738,-0.02582306243392951,1254.2665889967793,653488.9346690451,2,20.47822160936536
13,13_0141,220,1429,0.07,-0.5249286558954822,0.15060059433726392,0.7107748310002397,1568.5854832007485,205856.9975454646,0,48.10723934073296
13,13_0142,220,1429,0.07,-0.9102393550474468,0.7480709590798926,-0.17189164234053322,1205.5065803925525,632278.8866510435,1,14.014371955349015
13,13_0143,220,1429,0.07,-0.9781305577786725,0.5951893521254259,-0.12166075667048104,1205.1584374782378,517698.4327199745,1,20.781813468765016
13,13_0144,220,1429,0.07,0.11051123980011224,0.5964450993602733,0.8216637961605415,1566.9993754656352,426776.18501303997,1,27.747486370465026
13,13_0145,220,1429,0.07,-0.5054658338411111,0.5558774048757611,0.6150081152988531,1493.5857893652094,452088.1822765028,1,29.083992832628375
13,13_0146,220,1429,0.07,0.9491808265022117,0.4169125367187445,0.06049548882357303,1319.3090350698878,464509.81303185853,2,26.598668945982215
13,13_0147,220,1429,0.07,0.055272721208964315,0.06737430513300624,0.9507827886767966,1679.025649558842,128060.64841413627,0,47.63646843544197
13,13_0148,220,1429,0.07,-0.8061309164213726,0.9002780996154094,-0.23512263481095497,1099.4471455611233,695205.2062420497,1,16.373881458630997
13,13_0149,220,1429,0.07,0.5146988654798372,0.8281978524893359,0.2723684597100593,1350.3104627057535,567669.7827066078,1,22.198606102364185
13,13_0150,220,1429,0.07,0.9139431692615589,0.5875217805288743,0.0070318247699898695,1283.8880643414252,526984.6003962689,2,20.55580599458222
13,13_0151,220,1429,0.07,-0.6792213518645278,0.2024052795037623,0.5355230507850051,1507.8788522415227,241366.05817853744,0,40.746335856568805
13,13_0152,220,1429,0.07,-0.1914470873391021,0.5829782620655608,0.8098884653331786,1563.8360694533073,413043.89693028585,1,29.977372620834792
13,13_0153,220,1429,0.07,0.58048631077887,0.6247606346845916,0.4686473616015233,1439.1334302769214,459661.7835054978,1,25.31409581219979
13,13_0154,220,1429,0.07,0.0547995613162624,0.8729872154017071,0.4598162875896171,1384.021369823032,583956.2983567929,1,20.66417380377553
13,13_0155,220,1429,0.07,0.46803311957744587,0.8274408525087472,0.31943920223669586,1378.2045141013323,578341.8472561912,1,22.52835043096793
13,13_0156,220,1429,0.07,0.7282167076306909,0.7233203309671565,0.15962134616439072,1302.0127958947228,588160.8421897218,1,19.714850814203896
13,13_0157,220,1429,0.07,-0.6139496209212587,0.37338354325867473,0.6019952764695143,1492.9137845805817,337620.5095077174,1,25.72038803600056
13,13_0158,220,1429,0.07,-0.3233889507940719,0.8157306355510568,0.45244221349254077,1401.0749782685846,569233.7154782689,1,21.839232226944716
13,13_0159,220,1429,0.07,-0.19572385019289218,0.050944089003022275,0.90685029806036,1647.248022047252,147654.2778701395,0,45.57909694382814
13,13_0160,220,1429,0.07,-0.5765177944477502,0.8194507555446373,0.21880486176419045,1368.8785693973775,591787.807784708,1,21.381759551222054
13,13_0161,220,1429,0.07,0.6583009806915006,0.2771981402105398,0.5656159588470278,1495.196987702853,304325.09098492796,2,32.36752688683021
13,13_0162,220,1429,0.07,0.2846348233430702,0.4626000607108083,0.856424144241166,1570.7029033457793,320274.9266906741,0,42.38453354720136
13,13_0163,220,1429,0.07,0.6732814928130886,0.14583230073568,0.5316734714768713,1483.3666683269303,217158.70402372873,0,41.00483606615386
13,13_0164,220,1429,0.07,0.12663248339592448,0.3680932709966155,0.9646617634158597,1632.3414454517363,289824.933545105,0,46.444749196604434
13,13_0165,220,1429,0.07,0.8049799348458373,0.8290875833359028,-0.112134465987199,1200.5504744867155,596589.8468934108,1,18.685850776770394
13,13_0166,220,1429,0.07,-0.967035598807686,0.9580925791606497,-0.629130307025535,985.7669465633228,757773.1285889436,1,15.377389391473093
13,13_0167,220,1429,0.07,0.019469319752887904,0.5071901193159289,0.9080683400883712,1612.4787120525516,401807.95037462225,2,37.09719480963513
13,13_0168,220,1429,0.07,-0.6541453844661371,0.319665567627087,0.5653764577632354,1482.8404940956013,336573.33675898256,1,27.394224951714452
13,13_0169,220,1429,0.07,0.9000035411484157,0.2852210854938674,0.1882766364900471,1394.8662276682976,346309.4148384339,1,24.4434544863324
13,13_0170,220,1429,0.07,-0.9380104230377311,0.6176694605536389,-0.06696505161504107,1259.3888026714976,557430.2444930627,2,24.39001104607765
13,13_0171,220,1429,0.07,-0.20786949744302552,0.04125303250656254,0.8964784430532597,1681.5108764464917,146767.76547440907,0,47.108754269826086
13,13_0172,220,1429,0.07,0.1151669936527655,0.7510087528825579,0.639318196147467,1500.9186311313197,534142.3583121207,1,25.672172190003863
13,13_0173,220,1429,0.07,0.7179324993868612,0.12228953720281865,0.46199858402950444,1496.4532146673255,222133.97296145975,0,43.60688167446962
13,13_0174,220,1429,0.07,-0.6107435767901555,0.0038941463811326127,0.5431610153327905,1520.7691355493585,180743.01025312196,0,43.981029192603444
13,13_0175,220,1429,0.07,-0.19525823365563233,0.7676610326987415,0.5909774128128968,1456.191499137636,532698.4143337975,1,24.134984526429545
13,13_0176,220,1429,0.07,-0.8225310139842217,0.4068558393908265,0.28938909179394867,1403.6466804325848,395558.83356625366,1,23.04737311444289
13,13_0177,220,1429,0.07,-0.08650880329200206,0.7534605394363417,0.6416892168913495,1462.9921224335667,517788.5217839279,1,23.625449957328946
13,13_0178,220,1429,0.07,0.3321045985382971,0.35122292746129835,0.8755251085794254,1600.6808024112424,290851.40316962294,0,45.454215148983465
13,13_0179,220,1429,0.07,-0.4577242275298192,0.4942597768118626,0.7079102082544713,1543.8071939573854,416503.99114026286,1,28.827057270777576
13,13_0180,220,1429,0.07,0.7549539624485189,0.9595962620594948,-0.26687846829396156,1163.647088827035,740622.3519166561,1,16.044237880864184
13,13_0181,220,1429,0.07,0.12074779193574603,0.34260235665027783,0.973551186718856,1647.5762782162406,330870.8961728411,2,39.756847660628395
13,13_0182,220,1429,0.07,0.7755233514277748,0.6301519692743847,0.19854205077681653,1340.055341730838,490370.2465998221,1,23.152333362578073
13,13_0183,220,1429,0.07,0.6458717543861945,0.19838296328152805,0.5791620388520562,1536.8191665657725,251001.078243438,2,34.50275894733429
13,13_0184,220,1429,0.07,-0.41789929509869994,0.8816172212428632,0.2731936543524719,1356.5853848505194,631142.501981383,1,19.139148690156507
13,13_0185,220,1429,0.07,0.9861977254352718,0.42016285452463864,-0.012662627785154701,1297.9669187094003,390648.97381660395,2,26.973713359170546
13,13_0186,220,1429,0.07,-0.2111481408548106,0.5654659162762375,0.8176742559256593,1577.6543106707677,401554.87645849836,1,29.66090159747113
13,13_0187,220,1429,0.07,-0.21183182116948363,0.24598101819062024,0.9551049235333983,1625.3775741069808,219088.0805852915,0,47.96341727451647
13,13_0188,220,1429,0.07,0.1496414624802309,0.46727336789233453,0.912268032851722,1618.2538583621574,341815.31440965494,2,33.889309361189724
13,13_0189,220,1429,0.07,0.16399825751282826,0.5009832110317768,0.8859176203634531,1607.1191714261122,357940.24015485035,1,30.12992440615611
13,13_0190,220,1429,0.07,0.6011542350306409,0.8536506690045002,0.13426184841810807,1287.3412021833353,613823.6550802077,1,20.96795685882779
13,13_0191,220,1429,0.07,-0.5224293412826335,0.6714035241730318,0.4812808287850545,1425.5896234426823,500841.8157613619,1,24.43131966942864
13,13_0192,220,1429,0.07,0.7514769719264154,0.9869445812038946,-0.3163955850322808,1133.5351285307177,729992.6611379953,1,16.87153018885851
13,13_0193,220,1429,0.07,0.37750442551983965,0.5327404273378781,0.7468438353548654,1534.2667938165323,383762.8585786801,1,31.33567833607154
13,13_0194,220,1429,0.07,0.7849686744193196,0.2299480178186324,0.3832676653161522,1434.8356279783784,293936.34640033083,1,24.33892753679477
13,13_0195,220,1429,0.07,-0.500659242132347,0.13949884796218992,0.7324399708775909,1603.9043631476977,191434.2447854744,0,43.51747427503528
13,13_0196,220,1429,0.07,-0.9757181981559129,0.5564860905107941,-0.08203807650548023,1239.4679730743796,506908.1594370757,1,17.61352196256772
13,13_0197,220,1429,0.07,-0.6641240388022727,0.7408152316357867,0.22551422080026418,1320.1393622980822,561697.1245359249,1,20.27789185350652
13,13_0198,220,1429,0.07,-0.9945854526484257,0.2987590706226323,0.007509193341395548,1319.1568129823693,388813.1784732121,2,25.95774293639816
13,13_0199,220,1429,0.07,-0.6369537837806125,0.5296252409594838,0.4860680428892916,1476.4428091904383,437844.0070511747,1,26.040759873702257
13,13_0200,220,1429,0.07,-0.6500443250250236,0.7648120006111286,0.210616913948114,1340.4096084011203,559006.9980877141,1,20.7515690195299
13,13_0201,220,1429,0.07,-0.005948307565035504,0.032936014698360494,0.9347510900038517,1687.5058374607142,96262.64023386946,0,46.46568170938048
13,13_0202,220,1429,0.07,0.7641554188762087,0.797517204053179,0.0011528781769212237,1271.2426029797218,629195.2807907312,2,22.367338999754743
13,13_0203,220,1429,0.07,0.30557444898263,0.9191096645666051,0.2869595596356266,1345.8453256658681,620082.9912325558,1,22.471691078398816
13,13_0204,220,1429,0.07,-0.10946906800122402,0.6753444706761884,0.7376110992965393,1523.6871789090985,418145.7580064268,1,28.45448021971843
13,13_0205,220,1429,0.07,0.7748457962734727,0.04887537685087562,0.3436262909082245,1451.4672106347382,178735.9222015922,0,39.990649689500025
13,13_0206,220,1429,0.07,-0.48051549582672615,0.13522136200398605,0.7508707603600564,1605.9240160541717,182267.91390530442,0,46.66699474843173
13,13_0207,220,1429,0.07,-0.5667331235882551,0.691885092705903,0.40855414080685526,1386.818600588489,509137.9245828039,1,23.28409955884655
13,13_0208,220,1429,0.07,0.671725942538586,0.07513940793219631,0.5064642212233433,1483.411980896989,172349.59044049372,2,33.22969121589202
13,13_0209,220,1429,0.07,0.2535321286543213,0.3532895494369468,0.9209550500197492,1599.609496476676,291311.2567842098,1,34.49817627189575
13,13_0210,220,1429,0.07,-0.8773918684531155,0.5958579507309852,0.06462264815666008,1273.0429497840441,467404.3577729022,2,26.67305657568397
13,13_0211,220,1429,0.07,-0.6323837522429989,0.16575294684235253,0.5902671691852279,1521.9260733839667,250310.06757581595,2,33.36387397857947
13,13_0212,220,1429,0.07,0.11734859295011213,0.28253440128671103,0.9847642734529268,1670.9019928091002,230304.00751737965,0,47.43568373016842
13,13_0213,220,1429,0.07,0.358290736877787,0.05405431161859919,0.8184862768706713,1604.6528071422551,124304.34011893356,0,47.6017220472519
13,13_0214,220,1429,0.07,-0.5600131213454773,0.8125163402479647,0.24842733430710473,1291.579031809497,627933.3877842906,1,21.28680463629377
13,13_0215,220,1429,0.07,0.6528210999454183,0.6838446843340765,0.31331082582600644,1361.2692822856816,518780.97750199353,1,26.22707882275966
13,13_0216,220,1429,0.07,-0.9086754291265877,0.7869411358121238,-0.2247301819720402,1174.7798679659156,607191.2077461395,1,16.418506259462546
13,13_0217,220,1429,0.07,0.17564385913805847,0.23255301520367577,0.9687279236350025,1657.4022148021688,232758.11507473036,0,46.630596999855236
13,13_0218,220,1429,0.07,-0.13736343696841735,0.8150448234080938,0.5392272689381559,1459.074405262661,562893.9521565281,1,23.66010643000901
13,13_0219,220,1429,0.07,-0.13663783764595072,0.7477897231466647,0.6383617851013861,1460.7932698814511,532730.2666278388,1,26.861256793628066
13,13_0220,220,1429,0.07,-0.7914995674399976,0.4148520055261652,0.335914339619807,1425.7423004218865,402785.12237948325,1,22.712868366331282
13,13_0221,220,1429,0.07,-0.9275553379093928,0.6214584065019442,-0.05133654884401917,1207.7043283052392,532894.5169267841,2,22.387322048126883
13,13_0222,220,1429,0.07,-0.45085951307816363,0.4013063353821963,0.7650390460042366,1547.4894195326942,335758.40429820196,2,32.78980242104208
13,13_0223,220,1429,0.07,0.09934679852548745,0.3290748704012698,0.9814757705376461,1659.449453910736,247040.16822158865,0,47.70367542739228
13,13_0224,220,1429,0.07,-0.783383757622012,0.1268587479617168,0.36532197417144796,1448.8727407686526,275205.1897350789,1,23.44726422837359
13,13_0225,220,1429,0.07,0.9733964030370592,0.08843876927465477,0.016372063629271794,1353.2894683140942,273457.1378916748,2,27.518152230663976
13,13_0226,220,1429,0.07,-0.23209637304564357,0.9312433284794626,0.30378875099237657,1337.748741947668,670634.5788478985,1,20.010721672170323
13,13_0227,220,1429,0.07,0.9358134629667203,0.05760105037897478,0.07301806797622257,1371.8388981028777,219671.98494669318,2,27.27873378900195
13,13_0228,220,1429,0.07,0.06677486166206448,0.6735137147252437,0.7472866312612577,1538.806788650551,470390.588445848,1,30.14026131020968
13,13_0229,220,1429,0.07,-0.9310580143344744,0.7088620784408124,-0.15829381087447825,1229.5996822400052,580505.0732872859,1,17.234279045499072
13,13_0230,220,1429,0.07,-0.8800183308293035,0.5897899838558589,0.06576533861026834,1303.4588693922956,484115.43698897026,2,23.108630727042375
13,13_0231,220,1429,0.07,0.18858885602764097,0.20763717209391974,0.9619503552324277,1680.9108657296842,220380.3436625815,0,44.0233288408188
13,13_0232,220,1429,0.07,-0.3568317942610977,0.08588620943757286,0.8353930965521313,1582.7387541320386,173208.399744051,0,43.87631821269377
13,13_0233,220,1429,0.07,0.6297518853707453,0.1686448818049786,0.5942517943508485,1534.2373447205998,242473.86530545403,2,35.22867381496102
13,13_0234,220,1429,0.07,0.9153868160308463,0.8752944836508485,-0.379100069723203,1106.9074080453695,697252.5228361284,1,15.688551999672786
13,13_0235,220,1429,0.07,0.035757151337156845,0.33638108805670675,0.9883938242267146,1652.562876981001,278935.85812397883,0,45.38066043518395
13,13_0236,220,1429,0.07,-0.7984769577572539,0.5921787435056695,0.20037739567173263,1339.2014251253208,470260.6317941961,1,20.68559763594178
13,13_0237,220,1429,0.07,0.14769060404919498,0.1833181618695403,0.972033205148308,1646.0299350564997,197742.77861576356,0,48.90649756326783
13,13_0238,220,1429,0.07,0.011449398908249586,0.8195279718843422,0.5509248133287337,1443.9163005914384,556436.7101240633,1,24.653959300397176
13,13_0239,220,1429,0.07,0.22721087009384822,0.2782171517213896,0.947273203000791,1675.6099511591738,287364.6613315235,2,36.245579891293254
13,13_0240,220,1429,0.07,-0.8785856307961766,0.5488875890065671,0.10444190408214049,1313.7323762065587,450005.55552027485,1,19.613863358936825
13,13_0241,220,1429,0.07,-0.38091298372474514,0.548954532694496,0.7312045201190684,1534.1418651752097,385813.38597423345,1,27.832612192336814
13,13_0242,220,1429,0.07,0.9584864791735885,0.09807982709093244,0.04935939389647559,1365.1923528037314,240464.58576747822,2,24.93606255746915
13,13_0243,220,1429,0.07,-0.8310382086458561,0.7744178344487831,-0.07126680884931513,1205.6704168738427,638653.8039780478,2,22.053500533154082
13,13_0244,220,1429,0.07,-0.4141281869923257,0.8893018507672135,0.262813614434803,1328.3702313981237,661835.5095665186,1,20.969863053194867
13,13_0245,220,1429,0.07,0.896295369029668,0.09155983437056892,0.16190957881281343,1399.3368427797564,235162.58421077087,0,33.811128330140406
13,13_0246,220,1429,0.07,0.14146121224049257,0.31415488807834235,0.9742920476953332,1644.1380539010304,274800.5734131512,2,36.35286298238989
13,13_0247,220,1429,0.07,-0.24402265360553255,0.7899059817355876,0.5369948557883957,1416.9924518571602,553285.040190613,1,26.642734592990625
13,13_0248,220,1429,0.07,0.4121971647855205,0.6177859363885542,0.6428734350518365,1488.7803358934264,476631.6959970771,1,26.71046927226778
13,13_0249,220,1429,0.07,0.8485607673581217,0.7647242191417579,-0.08675575205316544,1222.7869868429211,586817.514597892,1,16.749632768440677
14,14_0000,220,1111,0.09,-0.5026506759276534,0.8865579136662783,0.18650357487367364,1368.0117663819417,605151.152729618,1,17.691607381895952
14,14_0001,220,1111,0.09,-0.008930391694913942,0.617347099925686,0.8131466954068578,1592.948206599281,443513.95704135456,1,31.289416423654863
14,14_0002,220,1111,0.09,-0.11619785250985903,0.24447584248583953,0.9864558219561922,1692.9594140224435,255831.7932603366,0,45.48987969642359
14,14_0003,220,1111,0.09,-0.6361140894464947,0.7316270154302333,0.27430062023570634,1402.8167484654055,516136.0310239399,1,22.8714453327059
14,14_0004,220,1111,0.09,0.44711870818360655,0.869091870518529,0.26960078585501723,1362.9798702029254,582770.4289949061,1,22.541069874993422
14,14_0005,220,1111,0.09,-0.46540066237880606,0.2219522514470672,0.7823133982685955,1672.588679689131,210114.91206012192,0,44.93932063305762
14,14_0006,220,1111,0.09,-0.3674492456300513,0.20525985046520223,0.8622105591794756,1642.741103496528,221987.6547194809,0,42.504588631652965
14,14_0007,220,1111,0.09,0.9291624088726225,0.46549999716905743,0.07238005699703765,1355.729407732431,394703.07426408,2,25.95462726486596
14,14_0008,220,1111,0.09,0.9064075490172971,0.19541958841062246,0.17430214217197737,1398.9542381596864,270173.6950853813,1,24.572243291451525
14,14_0009,220,1111,0.09,-0.337051352681752,0.6464270380582822,0.6688816500101933,1556.5868271063014,450496.72497110744,1,27.25154533413452
14,14_0010,220,1111,0.09,0.422325596388315,0.6564487180661819,0.5929897959395549,1532.1845212506885,450979.8093071329,1,25.740259301787418
14,14_0011,220,1111,0.09,-0.45877860960961225,0.2728359766764573,0.7888004132044388,1631.2637148638196,252429.82223276538,0,46.44557138894124
14,14_0012,220,1111,0.09,-0.619160990667301,0.1930075361587663,0.6121439708404617,1551.2366183057622,218208.94146614053,0,40.91062579131737
14,14_0013,220,1111,0.09,-0.14640875667124353,0.9011053131506768,0.3917988997581593,1393.7778443242285,589491.9768764224,1,22.63179414801649
14,14_0014,220,1111,0.09,0.6861164819315027,0.05681767839998142,0.47759101145201,1532.7552389036389,165167.39570788704,0,42.31938062683213
14,14_0015,220,1111,0.09,0.9920315102050541,0.06366358931886362,-0.03218362166259792,1376.49484464556,223640.1687779741,2,28.36054606341747
14,14_0016,220,1111,0.09,0.7168689701463651,0.1837920698561083,0.4800317654351468,1523.995213943907,193820.7731443854,0,42.909665887342825
14,14_0017,220,1111,0.09,-0.6277224917915223,0.3317493124592229,0.5967147153923908,1551.8472619635768,280189.9360617519,2,34.767191422449145
14,14_0018,220,1111,0.09,0.9644613949471699,0.9643670083303999,-0.6365113499433379,1042.7964081453392,749657.8349744979,1,14.631684482276341
14,14_0019,220,1111,0.09,-0.8076179999710504,0.18856007863455804,0.3425284409499,1511.999753616632,221786.77471389444,2,30.353277447247034
14,14_0020,220,1111,0.09,0.42152307004385925,0.9845850415432811,0.07544607545658655,1266.1534126186252,658738.1436351318,2,24.25009273646323
14,14_0021,220,1111,0.09,-0.9912727569705693,0.5072341775608206,-0.07420565394440937,1306.5448022472176,448108.62271506764,2,23.17918117910138
14,14_0022,220,1111,0.09,-0.8846146566671198,0.08054494671311319,0.17771294369488788,1463.0716069530563,222526.7674024968,2,30.474191560781158
14,14_0023,220,1111,0.09,-0.6099410647103454,0.026855776926427932,0.5590537739937015,1554.1813350220127,116982.65884968956,0,43.52463201218041
14,14_0024,220,1111,0.09,0.11002049187981067,0.09409930663622468,0.9542553167072776,1705.7681512598558,147191.4549609357,0,48.23050770630924
14,14_0025,220,1111,0.09,0.8333605689987345,0.6493926171077407,0.08472889892368296,1343.3141760582587,487264.79010005796,1,18.99053314638943
14,14_0026,220,1111,0.09,-0.7810253485983696,0.09535345318286026,0.35689829143161766,1517.0053079046322,217735.60094266932,2,34.51937841331176
14,14_0027,220,1111,0.09,-0.7071276508860409,0.7479016021481752,0.15684798649879794,1327.5193905861895,538150.4141169435,1,19.55862879061347
14,14_0028,220,1111,0.09,-0.4515089295637942,0.8118701531875856,0.35918734182790624,1404.2306451783734,589985.7393533546,1,22.341154439183242
14,14_0029,220,1111,0.09,0.35435192332664744,0.19483768648139188,0.8702231146662279,1656.7348451214036,182666.7371873274,0,50.16698823078817
14,14_0030,220,1111,0.09,0.036608551690330726,0.09993180897236364,0.9674896243814656,1690.882944044356,136620.585258511,0,48.73431295943417
14,14_0031,220,1111,0.09,-0.28959135280798454,0.3220806062960361,0.9089456874044413,1664.507948488239,237059.54512536238,0,44.56754047303588
14,14_0032,220,1111,0.09,-0.7703306511361021,0.5562184527241746,0.27680557956204543,1422.1257943215708,454396.9758054454,1,23.806916305474196
14,14_0033,220,1111,0.09,0.9427180481710167,0.5530130063444059,-0.015799507985952532,1309.8688298258667,475063.6459737815,2,22.5811216935224
14,14_0034,220,1111,0.09,-0.7971298982911581,0.30874848850300496,0.3598069219266079,1478.3987714615885,316630.38036234956,2,28.8881542573876
14,14_0035,220,1111,0.09,-0.8564458138784625,0.4770828662473765,0.19512807219023243,1362.0216864820213,375022.5905818623,1,22.78313523834702
14,14_0036,220,1111,0.09,0.9030843863005651,0.14017974220333174,0.16774587284985254,1441.2783645380628,211714.6890684104,2,30.90365196146926
14,14_0037,220,1111,0.09,0.40823778070916195,0.8198111081856883,0.383951327534112,1437.4933697229644,549821.379760002,1,23.378096770100118
14,14_0038,220,1111,0.09,0.32928038185243813,0.03360996918625092,0.8267652322924063,1669.9614470590911,138981.1177839343,0,46.245727915382126
14,14_0039,220,1111,0.09,0.25695326040983635,0.42105491299571207,0.8934770520547609,1619.9046165529755,325954.2922571371,2,34.6719083609935
14,14_0040,220,1111,0.09,0.15805321639810344,0.49156576733699897,0.8942523711680647,1652.254939001549,369332.3418962224,2,33.62211680070624
14,14_0041,220,1111,0.09,-0.04155477422204479,0.02647910130496345,0.9291222081394424,1688.3935263197877,86470.80427199046,0,48.99195937606536
14,14_0042,220,1111,0.09,-0.8762290459488471,0.02550156396019787,0.16246549947250444,1462.2179725847373,159433.464428421,2,29.229571545991302
14,14_0043,220,1111,0.09,0.09210813349615954,0.6166389313959508,0.8054619657713074,1600.9584733743222,430391.4611651222,1,30.95613988480361
14,14_0044,220,1111,0.09,-0.8288847179632137,0.3112231092042238,0.3077622086168259,1453.7527454335047,318972.78491782094,1,23.440271724142065
14,14_0045,220,1111,0.09,0.20861460759784256,0.8468742031139126,0.4633881609391952,1442.4954652876052,584520.8222821931,1,21.14640111172749
14,14_0046,220,1111,0.09,0.8882912933209319,0.2749708738371165,0.21007554078435875,1425.5878253446701,287963.69427053194,1,22.60651307475586
14,14_0047,220,1111,0.09,0.04933501888714331,0.8831268820359235,0.44275685348022165,1405.3638481142057,588333.1462416915,1,22.22322467270095
14,14_0048,220,1111,0.09,-0.6847969734230432,0.1035102683100585,0.5013517328853234,1540.4911120851375,179794.1151479728,0,43.39097005971702
14,14_0049,220,1111,0.09,0.5476995226380013,0.3927100585609238,0.6718367750274172,1558.691628518682,275270.0343424186,0,44.062806100229096
14,14_0050,220,1111,0.09,-0.009017317462635344,0.3563174836569394,0.9842738335482091,1671.9611643594233,299038.7958194801,0,45.23754526425536
14,14_0051,220,1111,0.09,-0.36387170578264105,0.3462144553610915,0.8547846185191612,1656.0286996952336,244886.22091016936,2,36.58713719264634
14,14_0052,220,1111,0.09,0.3880900263722942,0.6474108228760695,0.6307904744905116,1526.8520727031332,435166.3953784694,1,26.255414926159172
14,14_0053,220,1111,0.09,0.7103278929684274,0.16317815706414363,0.4850010216187458,1527.1683394068832,208696.3301228782,0,42.03668874743952
14,14_0054,220,1111,0.09,-0.09014954533138875,0.954268276760615,0.305376442658044,1390.1071824975365,692801.7380117087,1,20.731460853717724
14,14_0055,220,1111,0.09,-0.594644424264565,0.68524743210572,0.3841968638403742,1421.5789995452478,478515.6443349759,1,23.367654968565493
14,14_0056,220,1111,0.09,-0.7234259970117858,0.6986335686866795,0.19807755494086632,1380.9719525431628,510709.60878842813,1,22.695972646914825
14,14_0057,220,1111,0.09,-0.8504369315453013,0.11017004510613315,0.2496948575944411,1446.127537749331,217860.84603395773,2,31.63822995811848
14,14_0058,220,1111,0.09,0.04684769568978475,0.9071973733366125,0.4000082172555567,1410.6397490687925,584555.8311791394,1,22.5216374972876
14,14_0059,220,1111,0.09,0.011951007822265103,0.10081137780178007,0.9690512979886368,1697.3387440433987,139059.6721638094,0,47.52013398054865
14,14_0060,220,1111,0.09,-0.40097501945070824,0.23208046066978782,0.838774591022446,1611.3784290806354,209634.37541591583,0,47.97619495880036
14,14_0061,220,1111,0.09,0.721535389909209,0.3422690742880228,0.4676031765134534,1496.1592998597885,313941.9071142966,1,27.495921108647043
14,14_0062,220,1111,0.09,-0.8272806509968067,0.8784721553959879,-0.23107459054218316,1200.331513040418,663291.9558182855,1,16.191115251407084
14,14_0063,220,1111,0.09,0.9692147532018596,0.24790168983118288,0.06061666818891798,1394.8824504956365,291835.88023727876,2,27.32786974065001
14,14_0064,220,1111,0.09,-0.9858292916601039,0.596239409547933,-0.13778566042530627,1262.7542708736041,477766.7882007166,1,17.105138275898046
14,14_0065,220,1111,0.09,0.7579377447729148,0.33667080759737233,0.415133380045668,1489.1760455854837,313751.0113471463,2,28.75530444764232
14,14_0066,220,1111,0.09,0.3837593193338982,0.5592422287009515,0.7203678768493913,1563.0719135567592,379854.3677215543,1,28.477403546855744
14,14_0067,220,1111,0.09,0.8751305175458941,0.9023032049180275,-0.3547800264028853,1150.285624677336,677562.299475794,1,15.527107246547445
14,14_0068,220,1111,0.09,-0.9865684316732297,0.28819930120056425,0.024663094176396227,1351.7975294158327,316055.9782628694,2,25.57900556325136
14,14_0069,220,1111,0.09,-0.37927481742427416,0.9667639636420327,0.14507714632683255,1297.069570526114,632367.4327730042,1,19.73797060238088
14,14_0070,220,1111,0.09,0.10534312919482836,0.4323354227675579,0.9428873145489862,1619.1832778999656,296427.1809252265,2,38.84671484744366
14,14_0071,220,1111,0.09,-0.11570288507100934,0.7052400587918379,0.6997706124501949,1508.1948906544562,442125.4121680236,1,30.377361540146914
14,14_0072,220,1111,0.09,-0.5827093348880032,0.4983745470217975,0.5750658647945427,1488.772123406048,375308.83930076426,2,29.17575930220974
14,14_0073,220,1111,0.09,-0.7417273366035935,0.8163570725758271,0.005881618817761947,1260.1968360162532,593336.0260227384,2,24.07050290333932
14,14_0074,220,1111,0.09,-0.17194483573527553,0.5705091529455913,0.8282534964786398,1599.8053277872073,384557.52692878497,1,28.664411551071712
14,14_0075,220,1111,0.09,-0.006882365912767918,0.8099364737117083,0.566002661284837,1486.7429614432194,543304.8902068224,1,26.189481925341674
14,14_0076,220,1111,0.09,0.9758778578248493,0.9712613162688684,-0.6723623495809143,1019.5217098876935,739444.994549312,1,16.546240595319446
14,14_0077,220,1111,0.09,0.0867028348475154,0.7653765223943273,0.6248522241937359,1499.3889374554508,543138.2948125072,1,25.778767760490606
14,14_0078,220,1111,0.09,0.011928837187314523,0.43232529586910806,0.9538473035163582,1682.3054683386663,298634.52017625066,0,47.181125435490614
14,14_0079,220,1111,0.09,-0.9025551464945447,0.016491258977649914,0.10992523572466362,1383.0864875782727,195771.91281882193,1,24.953791977660376
14,14_0080,220,1111,0.09,-0.5434065830857888,0.5921769448817807,0.5426538368657692,1501.8119169399477,407394.8902669257,1,27.577727130081414
14,14_0081,220,1111,0.09,0.7717773902884002,0.22524780417950696,0.4035116720224139,1466.116588377727,229084.4562576966,2,35.07442616453276
14,14_0082,220,1111,0.09,-0.7711093620577398,0.8519650356015908,-0.09614861584731527,1270.7515207248225,638760.3877258198,1,16.560692728361506
14,14_0083,220,1111,0.09,-0.4150645903868724,0.7991074484399395,0.4103940641014818,1399.7809493571444,555164.1609257455,1,22.650943494010146
14,14_0084,220,1111,0.09,0.4221387079553045,0.5039329644302343,0.7325505369561007,1564.1598029859463,380933.353594954,1,30.993999062836707
14,14_0085,220,1111,0.09,0.7214667237297392,0.48290783237107116,0.40440471689006585,1476.4687039579233,390759.01747885847,1,24.612479305548955
14,14_0086,220,1111,0.09,-0.3858961680749826,0.44573266335973283,0.7980581606056752,1598.4099687522923,332324.55881134747,1,30.359945100312995
14,14_0087,220,1111,0.09,0.49056234430914447,0.07371206911165185,0.716334836066477,1615.460630158271,161551.3551765819,0,46.55982993420817
14,14_0088,220,1111,0.09,0.8302768074901983,0.8007129735545269,-0.10913089780527696,1247.1669437668647,628666.8197942688,1,17.81323729771424
14,14_0089,220,1111,0.09,0.607765480617747,0.32807114256094116,0.6221849914334641,1566.828190660848,258375.36909643168,0,43.85011223473746
14,14_0090,220,1111,0.09,0.7389142464693781,0.8828475034662039,-0.10031393511417264,1244.3013698824404,629800.5890895887,1,17.037354264747442
14,14_0091,220,1111,0.09,0.002418267076929048,0.22004832047660783,0.9987524867853522,1686.8280388866758,195390.63967086253,0,45.16424178363806
14,14_0092,220,1111,0.09,-0.6020865768136099,0.2257784365797103,0.6366797344575152,1581.656782744448,207184.47881607586,0,42.882104978123365
14,14_0093,220,1111,0.09,0.20511353105140406,0.6945327912863815,0.6844206158102661,1560.5610934294857,470297.9494785372,1,25.330742257284626
14,14_0094,220,1111,0.09,0.2436227689062742,0.2775111194340152,0.9396003870344365,1691.0384719843673,212947.12137384166,0,47.14137005814667
14,14_0095,220,1111,0.09,0.7703257532676822,0.6724395722167903,0.15960142807444,1348.057631438367,491713.44824012555,1,22.342228333433873
14,14_0096,220,1111,0.09,0.1977167402007054,0.4156834091464291,0.9229136379573715,1636.5020088756637,276291.64790423086,2,35.06516861821446
14,14_0097,220,1111,0.09,0.6090920126358941,0.5343784432636106,0.5170746031977792,1490.837587648157,408111.7857044931,1,24.863983151823824
14,14_0098,220,1111,0.09,-0.8963897687202531,0.7558777308258808,-0.15771846320412375,1207.1899361042683,574748.222061758,1,20.33053942159657
14,14_0099,220,1111,0.09,-0.40534094778693586,0.21019256975102385,0.8335054544513033,1654.5337605191291,223197.9575075654,0,46.38952241760295
14,14_0100,220,1111,0.09,-0.6829399417610833,0.4170528833961479,0.49496789290104704,1500.5100654831176,331297.30248988885,2,32.30786108375898
14,14_0101,220,1111,0.09,0.7800293483198433,0.6794508332959412,0.13629052272362607,1317.6345308740765,523431.6981619092,1,20.210265241826516
14,14_0102,220,1111,0.09,-0.240003210972217,0.5758216050703502,0.7954645925214764,1628.1785770504596,372326.3880490296,1,28.692009126198382
14,14_0103,220,1111,0.09,0.5813471832892192,0.878314730893858,0.11562797696858196,1340.23631084619,648049.3797638456,1,17.722026392039684
14,14_0104,220,1111,0.09,0.475714362720816,0.17100348323615033,0.7650585445325173,1614.0451760930264,157932.02627324892,0,46.65892059453154
14,14_0105,220,1111,0.09,-0.3039739706578588,0.9522859075503184,0.2249624605344338,1371.843790212774,639484.4180890383,1,17.23432858864352
14,14_0106,220,1111,0.09,-0.8154847181292548,0.5425440710475263,0.21653203296815482,1388.1205440996048,446956.08598017006,1,21.142273192493185
14,14_0107,220,1111,0.09,-0.9504442496768064,0.4300265696455212,0.051798197767249254,1347.3999431377276,357213.9078122302,2,27.94379494682796
14,14_0108,220,1111,0.09,-0.8783402649972771,0.1531003758033771,0.21552247968804694,1429.9678350840047,245998.41917450447,2,28.186151782443805
14,14_0109,220,1111,0.09,0.735195731146385,0.7583722765985429,0.10178153224809705,1363.2788638942566,554369.1843703446,1,21.132174897001764
14,14_0110,220,1111,0.09,0.46053152456009316,0.8018018166558906,0.36647785002166267,1434.0808648684115,535632.1974488631,1,22.44515698491747
14,14_0111,220,1111,0.09,0.702073974384146,0.4313596028715073,0.46156783614821306,1514.7310012470082,358704.7798968093,2,28.72124516757104
14,14_0112,220,1111,0.09,0.41923901977182454,0.7569194976474862,0.46857445454964575,1438.4403370428236,510557.4680708384,1,26.375567827977697
14,14_0113,220,1111,0.09,-0.6654175431915412,0.9749627024237711,-0.1702143059643364,1202.6803246927543,717528.421299688,1,17.310743728057513
14,14_0114,220,1111,0.09,-0.577612559941884,0.18896038421968675,0.6612068659681678,1593.9236683083286,208137.49119071488,2,33.972358274090226
14,14_0115,220,1111,0.09,-0.4996578943899408,0.8763947507508792,0.20726879304681256,1353.6433443253275,593316.0431528684,1,19.817511099346447
14,14_0116,220,1111,0.09,-0.09852482436342536,0.7513121446031429,0.6424535976324572,1490.9078169405582,461157.99728934775,1,27.67679321850199
14,14_0117,220,1111,0.09,0.8556958036556279,0.16507860208781233,0.25780317766378213,1409.9877212951524,213973.64471937853,1,23.848154432857598
14,14_0118,220,1111,0.09,-0.8831712408907626,0.7900297691639159,-0.18363455711470555,1220.7356092777125,585148.2562479567,1,17.890807972875592
14,14_0119,220,1111,0.09,0.8797441784551805,0.9612605167483796,-0.4741456986748076,1102.27104918604,688225.4522608188,1,20.33690921029511
14,14_0120,220,1111,0.09,0.40891657606683385,0.07825900768357019,0.7919637480851378,1644.3019067351252,105593.07649320083,0,48.10784080501071
14,14_0121,220,1111,0.09,0.8659600532985425,0.2261888898020621,0.2493284539543572,1435.027104376275,251355.67432866426,2,29.77428440917185
14,14_0122,220,1111,0.09,-0.30199154888909874,0.6981446411508566,0.6308306969362688,1499.6073882488295,480871.4551584908,1,26.29121722191331
14,14_0123,220,1111,0.09,0.12465898883548765,0.6530900663041828,0.759572106671219,1560.1321757914595,444431.8295963729,1,28.338857160837062
14,14_0124,220,1111,0.09,-0.96883859991495,0.2066298260523869,0.05874834587782041,1356.7705028498385,297258.0284777476,2,27.672202452186866
14,14_0125,220,1111,0.09,0.33219910713514467,0.6295854164725958,0.6902180253311746,1558.1721184878331,448908.0809236361,1,27.52009841850966
14,14_0126,220,1111,0.09,0.1281436378503138,0.061595060914180766,0.934449213515261,1710.531163054134,127429.36692226186,0,46.51689549027938
14,14_0127,220,1111,0.09,0.37166089524764745,0.8409444672987795,0.3785251153713459,1402.2923745904939,568474.6164207541,1,21.704338826853824
14,14_0128,220,1111,0.09,0.4458679973838424,0.5449829395784974,0.6807658332101378,1541.6063011889794,357100.0299936089,1,26.14283978417152
14,14_0129,220,1111,0.09,-0.04817513068494339,0.6209217397084077,0.8072529464190432,1578.9121683908238,380835.4165524948,1,28.8362052117271
14,14_0130,220,1111,0.09,0.3711844648758209,0.03994192508646921,0.8011502662716968,1641.19107018524,120731.7848011512,0,45.763524939112486
14,14_0131,220,1111,0.09,0.3052560982826107,0.6081289162558029,0.7293013156259056,1557.6014540474448,390132.22287529317,1,26.194873110802337
14,14_0132,220,1111,0.09,-0.43338832162634877,0.42401709815696786,0.7702618284897003,1602.9883756333916,331223.7776892417,2,36.85746399223916
14,14_0133,220,1111,0.09,-0.5602199145298767,0.8042918658766873,0.26090870262080257,1391.5717593405275,575498.533764335,1,18.921324391858445
14,14_0134,220,1111,0.09,-0.9435609356453434,0.6759099918155648,-0.14137896402101546,1269.4354251797263,517801.4668089781,1,19.217332064349428
14,14_0135,220,1111,0.09,-0.48522484861077064,0.6201126289473403,0.5749605028909155,1512.5426455954014,399946.8058847995,1,28.92771302042115
14,14_0136,220,1111,0.09,-0.7602417320866535,0.9990400175055532,-0.3545224362922319,1127.6623362309767,720259.7028435739,1,15.257450292718724
14,14_0137,220,1111,0.09,-0.16282774889093266,0.7174775859706559,0.6710161298866796,1519.480373871672,490516.2141759892,1,26.6638917653018
14,14_0138,220,1111,0.09,0.973784405076016,0.8493915517084389,-0.445515904606552,1137.1442960679176,652684.2584931403,1,15.718322332864368
14,14_0139,220,1111,0.09,0.03171887597223999,0.5231679607443794,0.895712619097725,1648.5954073062915,303944.78478048113,2,37.18788598270019
14,14_0140,220,1111,0.09,-0.7330083298162975,0.19231404027568932,0.458093016863777,1520.8234985739484,228685.36119159881,0,40.270296952867085
14,14_0141,220,1111,0.09,-0.2512643327448585,0.6684942903243505,0.6944614308908599,1526.4198490969427,447979.86761021015,1,30.074315220374377
14,14_0142,220,1111,0.09,0.02261190682539005,0.47453008918789086,0.9297118699040143,1671.3129536113365,327453.77230373106,2,36.569789776979206
14,14_0143,220,1111,0.09,0.037403456589233386,0.5448500336894607,0.8782735871560409,1624.8517727891674,373738.4523125237,2,34.41631727590309
14,14_0144,220,1111,0.09,-0.30799826552397125,0.9229434198401747,0.27835112198967216,1349.3920641861753,646693.5810329061,1,21.12377607626152
14,14_0145,220,1111,0.09,-0.7222972264983405,0.9099371729174613,-0.12450507883735606,1222.0568559890623,624199.3309364938,1,17.641557978857755
14,14_0146,220,1111,0.09,-0.005818676386803778,0.26354966267699054,0.9997120345502126,1649.8075335093074,214358.91922778156,2,40.61660727673284
14,14_0147,220,1111,0.09,-0.8539174504764822,0.18565769561737033,0.26509497789871084,1433.8818720748477,223678.19962787692,2,30.522451898294364
14,14_0148,220,1111,0.09,-0.5804786787731737,0.09113144542638263,0.6281113302962413,1587.3277251983438,159026.12616378808,0,41.7275068955447
14,14_0149,220,1111,0.09,0.8887384383155477,0.7149168892649178,-0.08902239779321652,1294.1246418815147,516480.51872421434,1,19.170049720495065
14,14_0150,220,1111,0.09,-0.7879950149601143,0.39596730309036865,0.349573955261019,1464.3097881563383,347811.99405254354,1,24.11203001511636
14,14_0151,220,1111,0.09,-0.3102683937494044,0.09035887670141796,0.8684597684795652,1679.3706539322507,120304.90186099321,0,44.96497182016072
14,14_0152,220,1111,0.09,-0.7100349336057148,0.5218871538506332,0.39353534194672823,1481.46104367447,412499.4206422251,1,23.432711270695133
14,14_0153,220,1111,0.09,-0.7212052337580224,0.49348415776321697,0.3978082909638244,1449.9605198330426,386154.1653303335,1,23.12351813666818
14,14_0154,220,1111,0.09,-0.531548647577877,0.3720784115160254,0.6968288538625922,1556.331581982093,313341.19830519037,0,40.39299699815627
14,14_0155,220,1111,0.09,0.9925301258782668,0.9796216811242879,-0.7219296114217859,1014.4087762329353,759285.1446343325,1,13.225464346158752
14,14_0156,220,1111,0.09,-0.9717468501802908,0.0952336102883754,0.022555622646523554,1423.6106136520627,197898.73759922336,2,26.236031969505735
14,14_0157,220,1111,0.09,-0.28576880820676287,0.8518678557465443,0.4169591421924972,1470.3783368816369,559158.0312677701,1,19.65864606737381
14,14_0158,220,1111,0.09,-0.6950669820432276,0.16157862437152193,0.5060606590988802,1522.9236950150005,219045.7513553975,0,41.81928090415094
14,14_0159,220,1111,0.09,-0.9139934985198979,0.5651481126958872,0.027151063990998092,1333.2195826116554,464544.2251372744,2,25.7041232778844
14,14_0160,220,1111,0.09,0.4425402918477712,0.2216971483768232,0.8030493684165441,1617.5706285479391,193853.3291809438,0,45.7403903202186
14,14_0161,220,1111,0.09,0.8937845822675152,0.6519623460330854,-0.022482336424268112,1296.2865141471814,536659.002265853,2,23.39391391683342
14,14_0162,220,1111,0.09,-0.2898798584099507,0.6403750099176652,0.7050455869017671,1542.0519639093184,417361.4810931029,1,30.09910434192112
14,14_0163,220,1111,0.09,-0.24231488605378249,0.8215552326388926,0.48913763584878567,1411.4290657731544,545189.7852384095,1,22.964287756094286
14,14_0164,220,1111,0.09,-0.03888021840216349,0.2597982456263064,0.9983554488697981,1688.311823979362,215017.8201948435,0,46.15274074598466
14,14_0165,220,1111,0.09,0.3380748602472643,0.5471662709441008,0.7634800704095226,1563.1983906562134,407860.64116138616,1,29.838988538638656
14,14_0166,220,1111,0.09,0.9068404973068602,0.3951153632063821,0.14849364304837065,1366.693754032843,347247.8549177811,1,21.514243919930372
14,14_0167,220,1111,0.09,0.17227391034786166,0.11877712309557842,0.9464885601275428,1699.6236164504269,153866.6171529037,0,46.43202245458717
14,14_0168,220,1111,0.09,-0.6379802986596552,0.39285783860116674,0.5647342706331447,1523.655124649128,339277.1640122624,1,28.026963340240766
14,14_0169,220,1111,0.09,-0.1868037125960742,0.6492090265819204,0.7445260381444279,1533.5417739669563,418468.55390416353,1,27.01749789028694
14,14_0170,220,1111,0.09,-0.45159519541320026,0.7292712438603892,0.47813662350534014,1439.8918420992175,506925.7882945533,1,23.943683871973423
14,14_0171,220,1111,0.09,0.23404582032112153,0.0732459861675514,0.901981057234668,1671.545909997362,151093.09563444182,0,45.96070342699324
14,14_0172,220,1111,0.09,-0.6270894136108447,0.21927175092309104,0.6054519811208297,1581.717773108221,238992.10248020006,2,36.42270367115308
14,14_0173,220,1111,0.09,0.8103855124269252,0.29504014049653815,0.3404675506520821,1471.3705820405294,281147.93157454714,1,26.113662245908525
14,14_0174,220,1111,0.09,-0.809033176081565,0.7120010268320515,0.05003978533657971,1344.748221097516,538850.6419261179,2,26.12792383494635
14,14_0175,220,1111,0.09,0.655481339720041,0.7708102818323926,0.19492089194686701,1354.0466291168748,554255.6700402857,1,18.375955051450163
14,14_0176,220,1111,0.09,0.730366909575751,0.3179845046165125,0.460167093842507,1481.8233952128473,284534.06264455547,1,26.711935608566034
14,14_0177,220,1111,0.09,-0.22950587821910728,0.9965052596345588,0.17601895129255074,1311.0109795200049,676830.8879229212,1,17.564980574192234
14,14_0178,220,1111,0.09,0.8172355450300239,0.7311393769080597,0.011717621017021673,1294.230305324056,534969.1874294787,2,23.591762270626024
14,14_0179,220,1111,0.09,-0.9592630526312447,0.5030458048276777,-0.008811457902427433,1285.8993789982703,417586.4387023626,2,24.532267561186814
14,14_0180,220,1111,0.09,0.05794647382591611,0.03348356899710048,0.9317572720614768,1701.535135832327,125789.32642289305,0,48.20737549239893
14,14_0181,220,1111,0.09,0.3808162175579042,0.4350877508488432,0.8075638174216613,1616.1692337301456,338538.8337458519,2,36.342133821558505
14,14_0182,220,1111,0.09,-0.9873507055205293,0.9076959035384226,-0.5735657776728171,1089.816469741112,682598.0381484372,1,16.739671620070077
14,14_0183,220,1111,0.09,-0.43953978240572433,0.8600064980626039,0.29177650607912775,1375.643567874094,583380.6229388134,1,20.879669302326228
14,14_0184,220,1111,0.09,-0.19169092877344784,0.5364864895582901,0.8496566519098037,1639.53755669516,343396.6136179872,2,31.985128455213797
14,14_0185,220,1111,0.09,-0.4098798193720561,0.7890532796071466,0.42981384404492784,1423.76673011836,558133.8021887557,1,23.297878687580642
14,14_0186,220,1111,0.09,0.7976337846738357,0.725750234719247,0.05050936169164233,1308.4109130112263,525893.7804120901,2,23.370468344305056
14,14_0187,220,1111,0.09,0.6136688943809103,0.10413468760722522,0.593961783073544,1574.8404902688412,161799.0551938521,0,43.93298555141777
14,14_0188,220,1111,0.09,0.4473566731493881,0.5523585814504327,0.6733381498583061,1563.9573765837915,402006.064804043,1,28.902392968569362
14,14_0189,220,1111,0.09,0.7692200053005609,0.1750049622898383,0.4005161465164797,1534.4061240356662,224852.27890106087,2,28.367618847890924
14,14_0190,220,1111,0.09,0.2288549896763319,0.7461813006151257,0.6068698461845121,1501.677187615475,508014.08638386684,1,24.968086719954723
14,14_0191,220,1111,0.09,-0.5950293095109078,0.699270809013938,0.3665709030623655,1410.4300022994269,519952.17706497846,1,21.83988537026247
14,14_0192,220,1111,0.09,-0.6289516207361854,0.6789856609149371,0.3497088590907991,1433.790434483475,468957.24893218064,1,24.454810913388773
14,14_0193,220,1111,0.09,-0.9718107090762884,0.33446289220521874,0.045709924742398766,1347.9945449875956,342818.3416084912,2,27.78905584823295
14,14_0194,220,1111,0.09,-0.647084693942201,0.5566594006874488,0.4511222458830495,1467.8851584162328,396596.8144931862,1,27.530315127992868
14,14_0195,220,1111,0.09,0.5459940523828546,0.06716276395770027,0.6556213530551609,1605.732329423534,149531.96604144314,2,36.425992423157304
14,14_0196,220,1111,0.09,0.5660256709136853,0.82812278833752,0.21701845765889383,1317.9788240164316,578680.9515304925,1,20.19641067123594
14,14_0197,220,1111,0.09,0.7089794727310488,0.02078682447584157,0.42463021128217204,1553.434337613018,159886.783036119,0,40.069113536666045
14,14_0198,220,1111,0.09,-0.6264904885771934,0.5307564019360695,0.4984104881678627,1515.734647067375,421020.61240723194,1,23.72070106283773
14,14_0199,220,1111,0.09,0.9123748301072694,0.2790098034141264,0.166407368426003,1376.069802362926,302787.8244430908,1,21.50564962252937
14,14_0200,220,1111,0.09,0.37173460513763756,0.5118223889047572,0.766933157278398,1595.2987459115277,384883.25413281383,1,29.502642103168892
14,14_0201,220,1111,0.09,0.9965119024305917,0.4785124609413839,-0.06530994373495469,1283.0139510908368,408804.084927297,2,25.504852315879635
14,14_0202,220,1111,0.09,-0.19050319562284068,0.856736684436776,0.4541868656874761,1418.6612820750315,591474.8066817635,1,20.931293935073192
14,14_0203,220,1111,0.09,0.23103338951630237,0.12975719007233688,0.9266120388949751,1694.647851773007,164642.8862675736,0,45.969947865662945
14,14_0204,220,1111,0.09,0.9885573478316816,0.6047487132955909,-0.15142784391031605,1269.0869748402702,513477.9248731912,1,20.49782122669552
14,14_0205,220,1111,0.09,0.6191584046547705,0.40296274177050573,0.5842586479800302,1501.5650214534367,286673.3290742994,1,27.21403826153926
14,14_0206,220,1111,0.09,-0.05642855967394689,0.7138606850640675,0.6990071876903472,1579.6086706871274,499255.82893460034,1,27.16065635064708
14,14_0207,220,1111,0.09,0.10702836997390763,0.34425778714465205,0.9762480000796813,1671.7229729761946,259622.6478788494,0,47.3005073828888
14,14_0208,220,1111,0.09,-0.4828202579018097,0.8197385402823597,0.31760846806402576,1392.0325615606478,590140.0699298651,1,22.150666602799127
14,14_0209,220,1111,0.09,0.7072683842947187,0.3969546951715005,0.46988121467686317,1527.5011524710878,346774.534988775,1,24.515169998588956
14,14_0210,220,1111,0.09,-0.5968966056512157,0.5509644155135526,0.5183447820853591,1501.4674467100074,447085.5092317408,1,26.988946297668377
14,14_0211,220,1111,0.09,-0.7964630816403881,0.9397202480228001,-0.2927811504958724,1143.7580625074006,711728.4151660713,1,17.002771590109674
14,14_0212,220,1111,0.09,-0.9635378540220327,0.02494771870665069,0.001493033187943582,1374.1719413083727,209575.25871958383,2,26.125438201231564
14,14_0213,220,1111,0.09,0.46042747028974773,0.9496353881767499,0.11051218281817998,1307.38348403832,647662.3590778528,1,18.981586405664164
14,14_0214,220,1111,0.09,-0.6341936320266353,0.06834789039562739,0.5521271721505409,1557.9063686464426,154727.68828712942,0,39.93666465865476
14,14_0215,220,1111,0.09,0.904401450817824,0.31388665631323565,0.17640887409095352,1367.5460903751814,346088.92468618555,1,22.2366119237785
14,14_0216,220,1111,0.09,0.31893455001095616,0.9788086544470412,0.1631083586267389,1308.5129250070215,674884.0017713703,1,17.80484684137897
14,14_0217,220,1111,0.09,-0.13606788603784326,0.284005816335823,0.9798849829225271,1710.2562488960748,224767.15123331547,0,45.32497017122366
14,14_0218,220,1111,0.09,-0.6606061355162691,0.7235949236028211,0.25316056947969745,1387.8671302540217,513178.47384041577,1,21.26394795737105
14,14_0219,220,1111,0.09,-0.3597904682269062,0.2250765257745908,0.8696910548658461,1683.7694847772004,159219.99905079752,0,45.750425263558874
14,14_0220,220,1111,0.09,-0.6915127558098575,0.7201404475663072,0.21588340898430114,1353.0775393747258,509315.49980415526,1,21.844928238978028
14,14_0221,220,1111,0.09,0.3067903990148151,0.35933903396338873,0.8893329045698433,1629.0496906883811,300797.9036540005,2,37.588651984718844
14,14_0222,220,1111,0.09,0.5566051895021227,0.798007854884586,0.2745330726868416,1412.0948436339306,552221.7830325873,1,23.03583813386777
14,14_0223,220,1111,0.09,0.19108875743359155,0.9192220993690502,0.34361212029955324,1388.3803456430737,609690.2397363334,1,24.6397210809837
14,14_0224,220,1111,0.09,-0.895435978357354,0.7424892910556222,-0.13750898483778728,1247.5169410309093,570188.1439013818,1,18.241569165326982
14,14_0225,220,1111,0.09,-0.9955295905052057,0.5106606317398971,-0.08511925545249,1299.4076907604347,437435.62547130755,1,24.067726860542244
14,14_0226,220,1111,0.09,0.18441429936989584,0.3792659505862729,0.942863773134661,1632.7950232914493,282110.9662806988,0,45.12426878483218
14,14_0227,220,1111,0.09,-0.3837460759274631,0.9019546901817942,0.2644414847811536,1373.905969125263,573544.0998449444,1,19.216174602899223
14,14_0228,220,1111,0.09,0.6574750783874246,0.2362901015169656,0.5674663672282871,1560.0228929657362,228733.7184174864,0,41.24404281055358
14,14_0229,220,1111,0.09,0.7558275531760139,0.911987647571481,-0.17781874417079901,1165.7705334823725,680646.381222512,1,15.764719635465243
14,14_0230,220,1111,0.09,0.10943904811735439,0.02025876001774607,0.9149697558563943,1678.1510583638972,57963.893253752736,0,49.03374290154005
14,14_0231,220,1111,0.09,0.05595971566141689,0.33427341171438174,0.9870387414729457,1685.347282709769,223577.18434362457,0,45.9237031886238
14,14_0232,220,1111,0.09,-0.15817660105876907,0.4147542241619748,0.9374106758474408,1647.5837231938162,337164.89480446826,2,37.54285869082567
14,14_0233,220,1111,0.09,-0.6689369969099397,0.658527482850764,0.3215271637230611,1368.000902342815,500920.8356915471,1,22.328066528712274
14,14_0234,220,1111,0.09,0.29579984025060035,0.04049895193336772,0.8517540958350309,1640.3776796308377,107711.43975210465,0,49.53192007684918
14,14_0235,220,1111,0.09,0.6569938965358311,0.9701365112382403,-0.14942173415922255,1179.228600945062,681798.5155678926,1,14.49094524328601
14,14_0236,220,1111,0.09,0.7289007638575709,0.28020090530999753,0.4674412616637066,1517.6944811845376,263951.0275039838,2,31.73925815469166
14,14_0237,220,1111,0.09,0.04984419140863028,0.8504311844863662,0.4985292488960368,1418.071365456221,591738.2245505992,1,25.50703949304059
14,14_0238,220,1111,0.09,-0.04216318437998989,0.49390974315439906,0.9158804488509045,1616.2688052694707,344807.7801454059,2,35.98385040554651
14,14_0239,220,1111,0.09,0.23614767648817758,0.4603955870930234,0.8829660353484489,1631.0387856935592,317024.4544198948,2,38.953420973130115
14,14_0240,220,1111,0.09,0.5126142289419069,0.3214006801424768,0.7301705178574939,1584.5443777615496,277013.8139614622,2,32.752940075494465
14,14_0241,220,1111,0.09,-0.7714739834930797,0.3003196691230158,0.4013232988823854,1497.5709804889104,279421.9302240382,2,30.022826918903117
14,14_0242,220,1111,0.09,-0.8304505144555105,0.41379980988414755,0.2732164721504978,1431.5286803823724,391176.94066912355,1,24.53689971164636
14,14_0243,220,1111,0.09,0.4483834034983534,0.6813895353038614,0.5413787163119643,1465.855865534675,485542.56989325024,1,23.34149382163205
14,14_0244,220,1111,0.09,0.3079462934338628,0.4814804275187985,0.8310054979045864,1610.2289649851323,308967.2138891969,2,36.67691974029118
14,14_0245,220,1111,0.09,-0.2677886755671013,0.04866745484083501,0.872185704490243,1669.1844386564128,137911.5588368829,0,45.29862506290025
14,14_0246,220,1111,0.09,-0.45024584674996215,0.9800126449449591,0.05967527017709484,1280.7594332520885,648068.5296124017,2,20.99864208489922
14,14_0247,220,1111,0.09,0.3665532290358826,0.0016308476298648733,0.7802584730528357,1679.1199039727135,107359.26719168131,0,45.65078205299709
14,14_0248,220,1111,0.09,0.4482144776350758,0.02448344146761039,0.7287124766095372,1642.1261805457084,173189.3938067078,0,44.17799043621782
14,14_0249,220,1111,0.09,0.627053099161079,0.16039680505608056,0.5956919782454161,1575.0962082509363,203996.70781492846,0,41.67287563562622
15,15_0000,157,1429,0.05,0.1517545170717658,0.3034428973917942,0.9730174270581701,1602.7826892845956,291085.97317493724,2,36.81212148389821
15,15_0001,157,1429,0.05,-0.618714486788015,0.821374136327675,0.16533300160446118,1293.8944050738967,654855.2945793755,1,19.567197327158183
15,15_0002,157,1429,0.05,0.5812029781112005,0.8498585482468028,0.16416811151527777,1269.5194334845246,659263.5707939618,1,18.666343136395316
15,15_0003,157,1429,0.05,0.8254738023622523,0.6437583821994626,0.10399692749272205,1259.210121318248,541624.1800307077,1,17.902030964506
15,15_0004,157,1429,0.05,-0.5945564908746335,0.21133979326197827,0.6444339126051719,1534.262375508589,266121.85462599515,0,40.95195667354439
15,15_0005,157,1429,0.05,-0.2052477034681488,0.6230852574702211,0.7652192496444126,1482.3662724831927,434938.38731358363,1,27.995578866178764
15,15_0006,157,1429,0.05,-0.35634166060682193,0.8571585954487491,0.3627900880062179,1296.844497279858,651204.162724317,1,23.615786088863793
15,15_0007,157,1429,0.05,-0.3927097309237333,0.6751707163810492,0.5955781840987439,1407.9705633238586,533103.0438851364,1,25.229136400088677
15,15_0008,157,1429,0.05,0.09863616455167845,0.4465966901175078,0.9367757394782997,1574.9861173460433,391678.32698397007,1,31.10591078515896
15,15_0009,157,1429,0.05,0.7992013147666737,0.10927116603275544,0.33386604088382876,1381.4960104313357,270581.16345948953,2,30.736518565211664
15,15_0010,157,1429,0.05,-0.10560207015292966,0.32596360277933156,0.9808613945479748,1598.3425856128488,311634.8812030927,0,48.02211639042817
15,15_0011,157,1429,0.05,0.37950393188094966,0.17584974928100594,0.8483667176845608,1610.5913527616774,216075.29727984403,0,46.02896484961777
15,15_0012,157,1429,0.05,-0.9220824211677536,0.2729398117749001,0.1490356556816932,1296.1583880990772,378342.4866847658,1,22.46764688631324
15,15_0013,157,1429,0.05,-0.07259083546289702,0.8444135466592435,0.5056960177320294,1385.8385165705945,615026.1444266661,1,25.244770983253385
15,15_0014,157,1429,0.05,0.7641699981910046,0.10736584968653018,0.38788573519950664,1441.6555532080072,244308.55106517643,0,40.13830091060043
15,15_0015,157,1429,0.05,-0.09046141504881278,0.0830827746920515,0.9532542962565644,1629.7436366040638,198428.67089737568,0,45.07321765580755
15,15_0016,157,1429,0.05,0.7497944009451785,0.27370040763478487,0.43703090396239586,1431.8800701129342,321430.6440582823,1,25.885286355409217
15,15_0017,157,1429,0.05,0.3202352677640614,0.14228297855659233,0.8813899176279836,1528.8322442258072,229545.33174960146,0,46.37625488717347
15,15_0018,157,1429,0.05,0.5201435630870805,0.7371517467171977,0.400984480935316,1356.9941572029602,580195.8912689294,1,23.103254629907077
15,15_0019,157,1429,0.05,-0.056752372064994505,0.2445628432858732,0.9967382510703473,1608.8487645391854,280791.5070535242,0,47.652732733097714
15,15_0020,157,1429,0.05,-0.1995759576468037,0.4784934381414848,0.8879074976501687,1546.3244133573978,402773.26583707926,1,32.87262695778532
15,15_0021,157,1429,0.05,-0.3153699875047882,0.3735910064723913,0.8794002666478613,1558.2411061671992,358790.79867917957,1,31.42802548524771
15,15_0022,157,1429,0.05,-0.6652854613779022,0.3464067459744087,0.5445312262710614,1455.1686248783978,376857.6177335871,1,26.284161975581938
15,15_0023,157,1429,0.05,0.13385837405909373,0.19379261277241266,0.9777092431282323,1655.632637326911,256942.48125808893,0,46.43961713775582
15,15_0024,157,1429,0.05,-0.1064073106188621,0.5430666949102484,0.8698012383428934,1541.9355759104608,406360.6983302174,1,28.647829040263986
15,15_0025,157,1429,0.05,0.6085536655551489,0.2592848009081554,0.6295431177616702,1527.9259886046088,301199.4289808641,2,32.96329917487855
15,15_0026,157,1429,0.05,-0.31347656383923295,0.23667590148701834,0.9014867254444004,1565.9448213833564,325780.0523822601,2,35.08661262654572
15,15_0027,157,1429,0.05,-0.7375900785684484,0.6383399638096628,0.2472301805071614,1325.7326083376893,574202.0039105666,1,19.979554662684414
15,15_0028,157,1429,0.05,-0.856825395696168,0.0364319473098611,0.202720396127672,1344.7938909469515,205710.75660303445,0,36.51659256180772
15,15_0029,157,1429,0.05,-0.6066543474234074,0.5298006109074711,0.5236128807949177,1394.5807343520742,392630.6913337489,1,25.66768145628502
15,15_0030,157,1429,0.05,-0.1697587787758481,0.9894399066997448,0.21440496655084784,1242.9184342022745,733862.9259587716,1,18.336115935616633
15,15_0031,157,1429,0.05,0.8439286684064184,0.5073239795930695,0.1961364711903999,1291.3473007267535,480413.8289625862,1,19.931522892465072
15,15_0032,157,1429,0.05,-0.5713091261044339,0.7094129150613248,0.3814810014261285,1338.3078819081713,562433.2183287558,1,21.245970382109185
15,15_0033,157,1429,0.05,-0.9878837657394965,0.07499848929903985,-0.018302609694857086,1264.5759270777432,249839.1590136751,2,27.727466501704647
15,15_0034,157,1429,0.05,-0.38276931478116194,0.9976485941215104,0.07981509762476802,1224.8115018463725,759894.389951488,2,24.238398759511476
15,15_0035,157,1429,0.05,-0.36220296231902593,0.7495962459853094,0.5233468562982374,1390.0535441367097,556505.9251957734,1,24.55111366825365
15,15_0036,157,1429,0.05,-0.4515403552192585,0.9553822174042486,0.10744131088855635,1229.480080110965,725890.2361650891,1,15.572577244775008
15,15_0037,157,1429,0.05,0.6852984813410699,0.7580017651333465,0.1731815023663006,1256.069066242511,592219.8424591008,1,18.611991466088085
15,15_0038,157,1429,0.05,0.6295506970363833,0.7296819935943137,0.2851955877106713,1307.2368648135594,567427.9206196817,1,21.76911302468241
15,15_0039,157,1429,0.05,0.03501048878709834,0.680966600125159,0.741705462320648,1474.3406873808385,516497.7759031435,1,27.303405609280933
15,15_0040,157,1429,0.05,-0.5272529291820309,0.500606858106656,0.6350786776238616,1476.9419924651365,419963.5171191588,1,27.77393864952464
15,15_0041,157,1429,0.05,0.32980735808295436,0.7040322731192128,0.6059048850542735,1434.9069061226692,527418.9087350793,1,26.50571466502846
15,15_0042,157,1429,0.05,0.5736325834140248,0.9089730055498839,0.06991393323406014,1236.4619356490064,672802.799160584,2,24.883570027813917
15,15_0043,157,1429,0.05,-0.3355744424386753,0.8265478614895467,0.427310296574125,1355.0008105142992,616603.7459778376,1,21.060465809956458
15,15_0044,157,1429,0.05,0.7578580658954426,0.42498170222128084,0.38327247221707095,1386.96994820526,439718.25014789175,1,22.516309345571905
15,15_0045,157,1429,0.05,-0.7242008351760694,0.6559154619738806,0.2474814378465896,1303.6677136922328,540339.1128192198,1,17.854481952421914
15,15_0046,157,1429,0.05,0.6111722113909339,0.12532600977445074,0.6049548894923594,1479.9525762029664,263129.03258055507,2,33.89871383891857
15,15_0047,157,1429,0.05,-0.9534791197564645,0.2787101805563399,0.08973670387345123,1294.7472275152213,371778.9593283096,1,21.808277426766136
15,15_0048,157,1429,0.05,0.32442585651740363,0.11527076780574497,0.8696240352386535,1568.4029781114068,178667.6197893367,0,46.57762811528282
15,15_0049,157,1429,0.05,-0.1331604889829867,0.24453657575180598,0.982226970672752,1649.0143490020796,254833.57264572062,0,47.88288098101907
15,15_0050,157,1429,0.05,-0.5561987074123529,0.6804310610924562,0.4342126887334814,1372.7864851168715,596908.7231821741,1,25.158734950970675
15,15_0051,157,1429,0.05,0.2053288210930131,0.34030064366652835,0.9465539766173572,1569.5542350427083,339654.9963878932,0,47.51427295007525
15,15_0052,157,1429,0.05,-0.21233048762995543,0.9997148510628928,0.17696094339409774,1277.6231446585675,718316.2092913999,1,17.78904289502702
15,15_0053,157,1429,0.05,0.3839867327730284,0.48090811218148055,0.77875687933635,1487.6166227494227,404114.4600961532,1,28.7710752742408
15,15_0054,157,1429,0.05,-0.0023421511463579403,0.2884926031419477,0.9979437454745218,1619.804846584926,288776.32644679415,0,44.38707558960657
15,15_0055,157,1429,0.05,0.7588692919073368,0.12169028737408949,0.40133070942061955,1436.3286459495325,229164.37624209013,0,41.05099419952788
15,15_0056,157,1429,0.05,-0.22521414047129262,0.9411736093251855,0.2880731124160619,1269.1507337116009,691748.743378157,1,19.13882259945606
15,15_0057,157,1429,0.05,-0.1841508112373158,0.38967118598286565,0.9390877310474756,1588.9743361950502,354745.3468178918,2,38.29573044398529
15,15_0058,157,1429,0.05,-0.3172933556185791,0.21611205508217113,0.8977354554619575,1626.6938060633183,249154.80726404086,0,45.5596853931347
15,15_0059,157,1429,0.05,0.25957554944983685,0.7875625625397042,0.5326572003641428,1390.4541705829354,582685.3166048743,1,20.57208875832781
15,15_0060,157,1429,0.05,0.44872018968560257,0.6316683855799359,0.5970297670762059,1443.6530004952497,471534.1892516668,1,25.261706039788013
15,15_0061,157,1429,0.05,0.9676410004632126,0.5315047318427486,-0.046010647714966435,1234.157641116664,500310.02163940703,2,23.377799481706383
15,15_0062,157,1429,0.05,0.3822640290750574,0.22781115108638406,0.8531927656862224,1543.8471946535533,232605.19566077343,0,44.113348165686844
15,15_0063,157,1429,0.05,-0.5266319928046874,0.8586731204838641,0.2098795502451316,1229.0031144082943,630953.8307420652,1,20.23701382408742
15,15_0064,157,1429,0.05,-0.6818564903449955,0.48635842326661893,0.4577495061604504,1370.0079530824992,417586.13950657885,1,26.57543249968317
15,15_0065,157,1429,0.05,-0.3634988907631935,0.031155810826670405,0.8015809728361672,1560.9438418113293,178875.80477779824,0,45.0812394690694
15,15_0066,157,1429,0.05,0.7456110639907956,0.5821670682445784,0.29135139215250905,1326.2997386448137,529148.3730509614,1,20.916240904793714
15,15_0067,157,1429,0.05,0.8280094109019351,0.9106640422500436,-0.2897199675486297,1056.2795189950805,739174.7390866455,1,16.522878748943853
15,15_0068,157,1429,0.05,-0.3343892557547994,0.6331057370646355,0.685041949134938,1444.6835248573204,484361.74040339363,1,27.30952470097122
15,15_0069,157,1429,0.05,0.7098902572610664,0.7037698077660497,0.21106338189836005,1261.264224110464,549763.3578428886,1,19.994254431450685
15,15_0070,157,1429,0.05,-0.057701729722554385,0.35318782972096086,0.9819331703143305,1610.6343125076771,299387.10651723656,0,46.44886087263129
15,15_0071,157,1429,0.05,-0.6667277139430512,0.04385828341791598,0.49665836678842756,1476.2749441156288,208252.85140608918,0,43.74583244291436
15,15_0072,157,1429,0.05,-0.1943213200132632,0.23494554525306988,0.9619255407021751,1618.5482110607704,234900.37868658206,0,45.35645793023899
15,15_0073,157,1429,0.05,-0.4174734665713171,0.5065447783230054,0.7346221700586852,1507.5056029826458,447878.3404897286,1,27.5484674505028
15,15_0074,157,1429,0.05,0.6798681883943765,0.8791134512366384,-0.010018310029231703,1190.3957171145025,687182.1316920216,2,23.27111817313934
15,15_0075,157,1429,0.05,-0.35578799786547477,0.5920028874488703,0.711524277705168,1466.6135916182398,465917.1238153483,1,28.46502407224784
15,15_0076,157,1429,0.05,0.04959030066683612,0.6149877629496451,0.8131587022832519,1533.6236843263334,471189.21792267455,1,28.791024915848137
15,15_0077,157,1429,0.05,0.5259805386660703,0.24074295352419395,0.7232258668414984,1516.370706808319,307572.6554268913,2,32.86147029570547
15,15_0078,157,1429,0.05,0.9977830975088464,0.22965233623958103,0.003855841992770115,1296.5912838155853,363863.76852860796,2,27.08288777086805
15,15_0079,157,1429,0.05,-0.15662289043281552,0.5585640667679065,0.8436882552438902,1561.77211224309,448604.23650372965,1,28.514301098672114
15,15_0080,157,1429,0.05,0.09926762138649381,0.602640652325785,0.8180276975826688,1526.8666172811272,443411.1401107451,1,28.491262613570473
15,15_0081,157,1429,0.05,-0.7101716862833203,0.9219213207742897,-0.12922723065740938,1139.795658052606,754635.9743732328,1,16.098768752827777
15,15_0082,157,1429,0.05,0.006354340464425956,0.2943229748348336,0.9972405550933047,1635.195181083858,273806.0642639357,0,43.81137351346834
15,15_0083,157,1429,0.05,-0.553354823676119,0.48797616488264717,0.6154141414641943,1457.3197981182423,382911.46579684375,1,26.242442625886166
15,15_0084,157,1429,0.05,0.16270261510008632,0.4167010235680072,0.9350652552214322,1581.240134908825,348046.81075508834,2,37.05895201104984
15,15_0085,157,1429,0.05,-0.1673730225363994,0.9373603215787846,0.3180565665783931,1291.0656319826464,686631.3565966567,1,18.11352394411023
15,15_0086,157,1429,0.05,-0.2712858573296413,0.9948231734142234,0.15856791488650712,1226.0730221992324,712115.8261273827,1,18.843859863749906
15,15_0087,157,1429,0.05,0.723650198883486,0.5632561324703096,0.34051114463131515,1362.200147370423,494458.31952965254,1,25.75621512460629
15,15_0088,157,1429,0.05,-0.09892038897668098,0.1647061404908643,0.9801454937104956,1629.9657207229548,232816.25652096412,0,48.09242169472465
15,15_0089,157,1429,0.05,0.22429975141902836,0.7533686139505454,0.5989907128483196,1406.8453581910273,546204.2768491001,1,26.976552907645612
15,15_0090,157,1429,0.05,0.533403174864572,0.05377470956855546,0.6621878148369141,1525.1879192528154,185778.92911582615,0,43.17478832790772
15,15_0091,157,1429,0.05,0.10859627055919607,0.5525479397729799,0.861514454365444,1538.7975659084732,401274.5304845572,2,35.959268501137
15,15_0092,157,1429,0.05,0.9531599802466681,0.2996468963520691,0.08807454435043682,1309.3674304218187,358561.93699287967,1,24.086517843387185
15,15_0093,157,1429,0.05,-0.8892158765694047,0.03988560271314401,0.14819054361508,1327.2819447860056,237879.93001691843,2,30.129905659305365
15,15_0094,157,1429,0.05,-0.36206081483471575,0.9294254050461873,0.22999309989454253,1259.8342938613773,663811.3888612932,1,15.526024671716218
15,15_0095,157,1429,0.05,0.7885785389614852,0.2768032873910471,0.37714954018699276,1414.1611354087113,305925.59111715667,1,26.93262353577594
15,15_0096,157,1429,0.05,-0.8744734441387942,0.0037255080776207317,0.1513500012100475,1371.6837120354874,200267.87321966753,2,28.156107456124804
15,15_0097,157,1429,0.05,0.9824000615525021,0.9395250399796778,-0.6231649408123756,968.1402245899228,758558.0299067245,1,12.80566829365992
15,15_0098,157,1429,0.05,-0.26725569018101925,0.7462818127353477,0.5876807799386938,1433.0907939375597,536351.8916555282,1,26.877031303872208
15,15_0099,157,1429,0.05,-0.9062859546656898,0.17439171782304852,0.17073350216981753,1359.6131371461524,298473.2591905181,1,23.29111332871775
15,15_0100,157,1429,0.05,0.05662879113651087,0.6578917814059948,0.7665153871582847,1489.6710723924803,495947.5019068794,1,29.2015347369141
15,15_0101,157,1429,0.05,0.7323408616354878,0.022653987707937362,0.3921388564203716,1427.504847667007,222240.18046511585,0,41.2640287436247
15,15_0102,157,1429,0.05,0.3632216966748114,0.12240884773046701,0.8455378161754434,1570.5662113426563,218638.7705330089,2,36.997461849252204
15,15_0103,157,1429,0.05,-0.3109902966449063,0.753309615596317,0.5526683306844606,1410.2254743731032,565752.14651794,1,23.5318207174597
15,15_0104,157,1429,0.05,-0.08164592678769589,0.17012440561565012,0.9845033397625033,1625.0357836687103,225160.49312056816,0,48.95663146287522
15,15_0105,157,1429,0.05,-0.8536386188380809,0.45118844553353243,0.21527786882101763,1291.3601881563052,487638.8956998465,1,22.207551709681496
15,15_0106,157,1429,0.05,-0.10253696116748157,0.3751136530755702,0.9678205298147264,1602.7888426535776,328684.61974562396,2,40.973035299420665
15,15_0107,157,1429,0.05,0.12172314587277566,0.09876485771356225,0.9535266338731615,1603.2077535186377,229118.74866979476,0,46.37504352141503
15,15_0108,157,1429,0.05,-0.991101950382274,0.19297444176784384,0.01321600451358873,1298.1495476217085,330532.58395039197,2,26.940119412077053
15,15_0109,157,1429,0.05,-0.18994654699804436,0.7124812837598667,0.6678802569261849,1447.3521758827924,548324.7244631764,1,27.03873337569364
15,15_0110,157,1429,0.05,0.12965672632552594,0.13870760315880926,0.9660458840525863,1606.195525675204,228793.9378188483,0,44.598683412770804
15,15_0111,157,1429,0.05,0.3061271686394771,0.5093898836159924,0.81316074247224,1512.1506523900255,445978.57945161476,1,31.242959043354666
15,15_0112,157,1429,0.05,-0.8757216317322456,0.258121499649558,0.23302033131959343,1330.730915550936,348962.307356751,1,21.383544307824387
15,15_0113,157,1429,0.05,-0.15418813128388997,0.42663499755445067,0.9330427366264611,1582.5186848930718,372205.22735429334,2,37.2472519014017
15,15_0114,157,1429,0.05,0.7713258400907497,0.36846820331059704,0.3856312370648516,1379.9410438356258,410215.7507516609,1,24.66891476100577
15,15_0115,157,1429,0.05,-0.019203165480732975,0.9563399400734179,0.30908990841071726,1292.3439926427247,664145.6540510788,1,20.2822592847952
15,15_0116,157,1429,0.05,0.5129378815110872,0.5773390030761493,0.588589092430797,1448.835405773781,455263.0176450601,1,27.114678345391262
15,15_0117,157,1429,0.05,-0.39467335523714087,0.9861613239556271,0.0941519808830179,1212.4293543608296,697026.2106670156,1,17.682177593903248
15,15_0118,157,1429,0.05,0.10965080075313671,0.30713129366202885,0.9834590759903938,1568.4473054989462,276195.501496365,2,41.69674436141875
15,15_0119,157,1429,0.05,0.3363329537183295,0.7624018397047164,0.5234813271735153,1381.9713921323164,552687.8708634794,1,24.09005448749213
15,15_0120,157,1429,0.05,-0.8148821225233343,0.5540195020707105,0.20803929574920443,1270.3958205360411,485851.77354524896,1,21.303554833516234
15,15_0121,157,1429,0.05,0.26445907417663994,0.9986954925203827,0.1542206499605986,1240.7201760150476,705346.1237746363,1,18.958582866045933
15,15_0122,157,1429,0.05,-0.49817414209487065,0.3469600253675299,0.7388104182390125,1518.032390794408,321667.79297373194,2,35.61197610095806
15,15_0123,157,1429,0.05,0.8358850032457394,0.40688595991485366,0.26722954243066244,1371.8365185729044,438424.3565526474,1,20.968812524434938
15,15_0124,157,1429,0.05,-0.9176935998951994,0.1452724673660355,0.14265803305519864,1336.4248680114545,291768.77514751,2,26.282488673638003
15,15_0125,157,1429,0.05,-0.3123871036122987,0.7658406855966913,0.5341214076463875,1364.5286374624568,552462.6883505591,1,22.49979732328751
15,15_0126,157,1429,0.05,0.5512067844532624,0.6950633899149783,0.4220099443815363,1352.1876692474625,539555.1543671355,1,22.248687257137224
15,15_0127,157,1429,0.05,-0.915321098781648,0.8687457758035334,-0.3677038350855235,1083.6182552971286,726139.2714571974,1,12.957341018733988
15,15_0128,157,1429,0.05,0.4974750390981222,0.6661786521150226,0.5127889377562913,1418.630653540244,532518.6678642094,1,24.084020086229792
15,15_0129,157,1429,0.05,0.30188784684357506,0.9043577000916412,0.31622151385310204,1318.392463738121,631792.5657694663,1,23.964485966833866
15,15_0130,157,1429,0.05,0.638157682161445,0.6446053398343335,0.3772345315553981,1335.908162496498,534261.1302193434,1,22.570133848712413
15,15_0131,157,1429,0.05,0.9036648973949377,0.42785096732832373,0.1396098686769296,1312.173896242061,459374.08310767607,1,21.143953877654265
15,15_0132,157,1429,0.05,0.9940527232783458,0.0302192037513499,-0.054997008213760745,1297.0957525050935,270071.85518518754,2,26.478513121373943
15,15_0133,157,1429,0.05,0.44315848859770157,0.21639956328126553,0.8020479389696974,1583.195748953677,286663.8338782554,0,44.77202007089668
15,15_0134,157,1429,0.05,-0.6221084990756225,0.23798648763260277,0.6127812583129605,1489.5785714843987,311144.10693040036,2,34.20977812370466
15,15_0135,157,1429,0.05,0.8603638574895411,0.5618778348930105,0.12514734221007373,1273.1570317919015,481246.8475128081,1,21.597146577375394
15,15_0136,157,1429,0.05,-0.17671136622455297,0.31218007260679626,0.9634217277468631,1620.7832834554172,290326.5170362479,2,36.94024417708879
15,15_0137,157,1429,0.05,-0.5975910037482544,0.3842080032044929,0.6179551816867148,1459.642211510726,364471.70322183234,1,25.57078041586866
15,15_0138,157,1429,0.05,-0.6731668449194741,0.22650558193117554,0.5460824021116899,1480.9937349919269,307578.1754779201,2,31.29092720546289
15,15_0139,157,1429,0.05,-0.6225348913140749,0.727308559627431,0.2971237193476277,1351.0125649501592,586513.0642234364,1,21.74247911307168
15,15_0140,157,1429,0.05,-0.29318604709381724,0.3847946349957073,0.8888937153208155,1593.0545972499028,331666.35864899785,2,37.45024290992563
15,15_0141,157,1429,0.05,0.29197892040602236,0.9506488791489356,0.2352896915573437,1250.9635133038164,714526.1584807865,1,21.16011465486117
15,15_0142,157,1429,0.05,-0.11417187377279259,0.6580323103841129,0.7565282900663416,1478.4773752917245,523348.14496099163,1,26.06280478078232
15,15_0143,157,1429,0.05,-0.5916227207159916,0.9439476095247226,-0.016541021196910366,1176.271772107665,716064.3077872385,2,22.187751870137074
15,15_0144,157,1429,0.05,0.47751883976249454,0.9605304639047046,0.0732165325692723,1214.3104249743349,729802.3491433692,2,20.773725564574193
15,15_0145,157,1429,0.05,-0.10879994059734255,0.005850022673607236,0.9056584740630693,1647.7158784743528,195775.95202379467,0,47.210538164199754
15,15_0146,157,1429,0.05,0.060799078837007636,0.1782460031510935,0.9891773321318892,1631.6824744620449,239245.1184113844,0,48.53326377699245
15,15_0147,157,1429,0.05,-0.778610233389011,0.10621744837643532,0.3651523713804107,1431.7850395674309,265857.8327932124,2,31.34071659809833
15,15_0148,157,1429,0.05,-0.717213143844468,0.5183806472769689,0.38591233490184895,1331.3790937256476,461956.1222701821,1,22.076824523156077
15,15_0149,157,1429,0.05,-0.5845385292608367,0.6828946559486451,0.39894061348584664,1355.965570286548,533222.1996036893,1,24.609164006760313
15,15_0150,157,1429,0.05,0.9977264807833659,0.025926228090944137,-0.0649516325429369,1272.9395496927568,279784.6072767892,2,26.41633776543203
15,15_0151,157,1429,0.05,0.8251650953946039,0.8805249763593188,-0.23115590637096917,1102.2802003788347,709095.5709209023,1,15.650421652595893
15,15_0152,157,1429,0.05,0.3264760570211025,0.237142863191092,0.8931845870059013,1572.0374862009137,308511.4798735353,0,47.53466588444901
15,15_0153,157,1429,0.05,-0.38748087812630616,0.023528109823277354,0.7788696181657504,1567.3487154407178,164361.2642974794,0,46.63796180280055
15,15_0154,157,1429,0.05,0.2520977544908194,0.8748990705564946,0.39596388704937746,1360.242773563635,634485.6904720725,1,23.309210434066205
15,15_0155,157,1429,0.05,0.18297534815919114,0.10114321332760312,0.9358510352000277,1600.9192554709778,207538.68153714106,0,48.35496436565491
15,15_0156,157,1429,0.05,0.9622238712405498,0.1760433198932556,0.06655485409594153,1282.4372653518287,318980.9240987285,2,24.677495724742666
15,15_0157,157,1429,0.05,-0.5008856359468881,0.42942338302152816,0.7045561397368358,1477.3730957758673,392967.28958860034,1,29.198755209276825
15,15_0158,157,1429,0.05,-0.6036419383542935,0.9545678468728145,-0.05146435215811307,1189.833379083773,690133.64676754,2,20.90518643533631
15,15_0159,157,1429,0.05,-0.3064950034778744,0.8396115895392143,0.42489565503138993,1346.9395583556925,625006.6446782484,1,19.908282867986927
15,15_0160,157,1429,0.05,-0.9978960548792237,0.9618157414002794,-0.69708601690439,949.5922618988257,809125.8031197012,1,14.08338327954117
15,15_0161,157,1429,0.05,-0.41990431045281307,0.9715761249080562,0.10302693886961567,1185.4856901175197,730697.2669690355,1,16.714517849741288
15,15_0162,157,1429,0.05,-0.8713020356501413,0.35023019656788623,0.226928136645571,1312.2873835858786,391820.25592916796,1,23.89869151818825
15,15_0163,157,1429,0.05,-0.3342347491719069,0.6703645038290117,0.6437109164191258,1445.713725761705,533903.9698249883,1,23.789509574548994
15,15_0164,157,1429,0.05,-0.650631990158717,0.9327460760074581,-0.0685015081453415,1183.3515037916006,697417.2978720785,2,20.398377488003025
15,15_0165,157,1429,0.05,0.7584764377999551,0.1480332201025618,0.41032287156851555,1434.4033824080736,275833.9719707737,0,40.567629034652796
15,15_0166,157,1429,0.05,-0.743675458708579,0.9822308295656378,-0.2951459045170861,1063.5567941807747,731549.5106875076,1,17.799560148832555
15,15_0167,157,1429,0.05,-0.23087186573815943,0.3243399932036394,0.9390491371960247,1571.2197943802535,346385.41221583367,0,43.85068060721202
15,15_0168,157,1429,0.05,-0.41075778842465294,0.48952879933047744,0.7518675953610139,1528.7823516635547,425026.50241348444,1,29.546755382088097
15,15_0169,157,1429,0.05,-0.9811285447446989,0.5698398882320085,-0.10420153149176237,1191.2275044647731,518800.37103012786,1,19.725165107945553
15,15_0170,157,1429,0.05,-0.05000509857125213,0.5316564284688854,0.8876997064520373,1564.267968873081,414080.3488446361,1,31.186899953091693
15,15_0171,157,1429,0.05,0.11311103144189105,0.05755603594395453,0.935946822868429,1598.3311558031976,160515.7820356083,0,48.55494971208519
15,15_0172,157,1429,0.05,0.42177536545897953,0.2868938238323139,0.820221590590948,1540.8759202854787,304719.85638106836,2,37.244891733362444
15,15_0173,157,1429,0.05,0.6712665181066491,0.6055916435947739,0.3743903038912142,1343.1683582087862,488604.2919084146,1,23.00337841772946
15,15_0174,157,1429,0.05,0.22912788259052164,0.010398101510140534,0.8680414933366154,1590.5556717479308,177035.0967693647,0,45.30251426876832
15,15_0175,157,1429,0.05,-0.3926831657802621,0.4212735605515239,0.8051983637778479,1514.7760201594658,363221.4587903288,2,33.48612216890114
15,15_0176,157,1429,0.05,0.3373895256868389,0.262572461160155,0.8859495304071578,1558.5463226153206,275387.23779837956,0,45.445724740203055
15,15_0177,157,1429,0.05,0.5939427838309306,0.7839515802055619,0.2526239556887748,1293.471753403739,578856.9346038756,1,20.184815777239127
15,15_0178,157,1429,0.05,-0.6345446369237817,0.8833811820915227,0.04209812544309355,1236.1197654007506,696687.7027551441,2,22.81418553382277
15,15_0179,157,1429,0.05,-0.5941604338769328,0.9118715826670196,0.04064259412016402,1220.657972373954,691628.9992025882,2,22.525152726365327
15,15_0180,157,1429,0.05,-0.9692066900788603,0.528367320376222,-0.04661194034751359,1218.4130166327877,497428.1446450932,2,23.716972240172947
15,15_0181,157,1429,0.05,0.7837764036836332,0.6571697584241699,0.15623127958211114,1251.6092004535424,538041.0908162327,1,20.996375107518038
15,15_0182,157,1429,0.05,0.09828115377115942,0.5158904004443335,0.892489319936665,1556.7645143225338,423708.32500635064,2,35.31577534944956
15,15_0183,157,1429,0.05,-0.2599004789326793,0.8675815246159764,0.4045528627848285,1356.1105168005422,643050.3388058821,1,22.894437556430997
15,15_0184,157,1429,0.05,-0.9696197906359909,0.06983859249350322,0.01491271038940889,1283.0622843392605,272934.36295101215,2,27.136690125026043
15,15_0185,157,1429,0.05,-0.7888690749717531,0.534418952241846,0.2657213743949415,1300.886853626234,516098.03947942477,1,22.408562066050056
15,15_0186,157,1429,0.05,0.708177493264422,0.05371536514522579,0.4451591599990177,1458.4225494624784,252129.07880633682,0,40.00379720363565
15,15_0187,157,1429,0.05,0.07262124384991608,0.4145480240903189,0.9572506501222748,1577.3002786631805,323237.6532064935,2,39.133731084142994
15,15_0188,157,1429,0.05,0.5445348064149165,0.5504905797749521,0.578506635559781,1425.8089641836177,443444.17043698,1,26.980271267976814
15,15_0189,157,1429,0.05,0.652491242398924,0.9967566731443,-0.19757254304818117,1089.0222983686795,750060.0655137796,1,14.777779324435892
15,15_0190,157,1429,0.05,-0.8628797678703051,0.8888164830096625,-0.3093870979034885,1064.086217521906,719627.3847989334,1,17.406680784357828
15,15_0191,157,1429,0.05,0.8126263806655822,0.2987235249744318,0.33635257736893887,1387.1627486615714,354927.05432448344,1,25.032900276860286
15,15_0192,157,1429,0.05,-0.6881974214920552,0.9522967977656314,-0.15627422679863878,1156.752386683295,747397.6042097117,1,15.52559137090684
15,15_0193,157,1429,0.05,0.43914998939172434,0.640340621124484,0.5962603657101924,1432.7585900309643,508098.4034801161,1,27.185889641837385
15,15_0194,157,1429,0.05,-0.6337193083004395,0.9539781822670841,-0.08753134663744921,1182.7841162989362,744126.85758115,1,15.53759752680727
15,15_0195,157,1429,0.05,0.519345407975992,0.7528858036578309,0.38025386760098745,1351.0765549654084,632082.3699908132,1,22.655914011964562
15,15_0196,157,1429,0.05,-0.520628598317757,0.053161171734727675,0.6753188393433134,1553.4388891155547,210060.0097601648,0,44.489110753591994
15,15_0197,157,1429,0.05,-0.28318541499580885,0.61630709605209,0.7340885278366065,1512.242222628702,422270.5826298659,1,28.517707112147598
15,15_0198,157,1429,0.05,-0.5143981395094455,0.5270220492923754,0.6291783384371834,1478.8669034202005,450835.93087890086,1,26.297176756751345
15,15_0199,157,1429,0.05,0.44785455910616734,0.08762291140653711,0.7629331189396,1590.3872565482318,233074.76089385772,0,41.96942130528558
15,15_0200,157,1429,0.05,-0.5128628883888864,0.737566161223297,0.4079463821839664,1354.0374287079435,578821.7584968623,1,23.82577729391011
15,15_0201,157,1429,0.05,0.6399798955575455,0.6907048130213005,0.32160811083213314,1325.108157408241,517160.5719143762,1,22.405867642251383
15,15_0202,157,1429,0.05,0.03875223438275488,0.9072617908488282,0.40058399206763295,1335.0981530856538,651250.6222723374,1,23.169423116372748
15,15_0203,157,1429,0.05,0.5205505693726968,0.5643533069491241,0.592254784186176,1434.7236922772145,452980.99672635307,1,25.61195603489939
15,15_0204,157,1429,0.05,-0.8748964274454112,0.7549521320819789,-0.1183526247693889,1160.7839678497037,625713.4718749952,1,14.70987984342904
15,15_0205,157,1429,0.05,0.047254339089368935,0.7937989776497628,0.5884696875162203,1426.5822542609058,570388.3820271235,1,24.362177553081153
15,15_0206,157,1429,0.05,0.3918672048043377,0.8455199378782277,0.35558335136217356,1287.1936682660103,660819.1916507592,1,21.90787806503873
15,15_0207,157,1429,0.05,0.3734483991161026,0.24817187821689413,0.860531667551594,1563.2514109258277,275617.2557287546,2,37.869530190731005
15,15_0208,157,1429,0.05,-0.3342664987673183,0.6533642866030318,0.6630717933287965,1444.6111331803706,491103.86629944027,1,26.40016953199325
15,15_0209,157,1429,0.05,-0.05327797360506925,0.19843933663226232,0.9934818699757055,1623.1924301260635,222937.79244223403,0,48.6542805919736
15,15_0210,157,1429,0.05,-0.07544927943943591,0.8891976853146673,0.4288075018561137,1326.3200862454858,662026.7287539626,1,22.44462447614655
15,15_0211,157,1429,0.05,0.989722807277218,0.8636000698541542,-0.5006654853831372,1015.1880185386063,724673.3636628963,1,17.496144318052266
15,15_0212,157,1429,0.05,0.1628139525846326,0.5137185411670538,0.8772321442413066,1560.2108126670266,412436.0703408311,1,30.598355252120403
15,15_0213,157,1429,0.05,0.2920234479416792,0.7344338301788308,0.5899110451993367,1406.3481355514698,574138.3642054779,1,21.665867228370633
15,15_0214,157,1429,0.05,-0.7434053541514443,0.19514422053831504,0.4431835568717698,1431.4248989136743,289496.26252945367,0,40.37788058489636
15,15_0215,157,1429,0.05,-0.6687656389191987,0.4777909068183822,0.4809342541399013,1432.5630650039343,449080.9385130431,1,26.032986956015787
15,15_0216,157,1429,0.05,-0.3768837232120783,0.22349862107410756,0.8569865857037895,1589.3752527966876,232640.49658419646,0,44.271820970858364
15,15_0217,157,1429,0.05,-0.47886136714904826,0.15805029111884605,0.7589897163624157,1552.0543347563912,268433.29015230207,2,34.44388280700452
15,15_0218,157,1429,0.05,0.035479574148326476,0.8473506224191868,0.5048619387738383,1370.1349990126998,622589.9447131795,1,26.89283501583084
15,15_0219,157,1429,0.05,0.05835243847572369,0.06112940236009179,0.9472218404632364,1661.6198468827565,171858.89372399836,0,46.48775219841242
15,15_0220,157,1429,0.05,-0.07025775228421804,0.8813887043548337,0.44329679497493735,1351.2572516326684,663405.315740432,1,21.94547299524274
15,15_0221,157,1429,0.05,0.9223447817933652,0.10479768914339516,0.12009849647004,1334.6872959425252,285689.19668214495,1,24.835711250360944
15,15_0222,157,1429,0.05,0.5958682343577377,0.7771794828312787,0.26027916891902614,1265.9676480986031,581849.4672709374,1,20.76632619505096
15,15_0223,157,1429,0.05,0.493715246272731,0.30234311214228304,0.752453142949082,1507.716192270539,304331.632068951,1,31.915207837470884
15,15_0224,157,1429,0.05,0.754905829505911,0.04593699710672283,0.37248160497962335,1446.2351147033846,208818.79552090535,2,35.26853280208416
15,15_0225,157,1429,0.05,0.10532271220729328,0.23981054430377957,0.9887634238609325,1624.3776429875338,254593.75538548958,0,47.734293184320734
15,15_0226,157,1429,0.05,0.18864568957464645,0.1477285625410687,0.9499360606631537,1606.08581614448,202604.36738178242,0,46.02312556130077
15,15_0227,157,1429,0.05,0.33485795116892514,0.3683710825935145,0.8684767778754748,1567.972534579415,351750.7656697968,2,37.18139108877295
15,15_0228,157,1429,0.05,-0.9088386926649108,0.43022652634600356,0.12905499777569396,1287.0417922739896,453942.03589096566,1,20.300394133374958
15,15_0229,157,1429,0.05,-0.3822744901694781,0.014434802779022093,0.7770621143154812,1565.03450982002,134668.74500378774,0,47.08939922760259
15,15_0230,157,1429,0.05,-0.5186930488684711,0.7727961684751686,0.3526657096059562,1318.803556113313,571908.092668204,1,22.386614627756458
15,15_0231,157,1429,0.05,-0.9063901163690591,0.5354455210588809,0.06568305315253054,1218.042628637763,522646.99017085234,2,24.203124733575244
15,15_0232,157,1429,0.05,-0.3100963363598681,0.16027248018309148,0.8926969710862308,1586.4997550870894,233605.72604370606,0,47.95090470271777
15,15_0233,157,1429,0.05,-0.32691264822515387,0.667094759555663,0.6523419080445395,1476.0707147670023,522672.34660383145,1,27.808366423369165
15,15_0234,157,1429,0.05,-0.03347503582316591,0.10823043683686817,0.971061277977378,1596.671578830166,183144.88755880337,0,48.53285577234734
15,15_0235,157,1429,0.05,-0.2474385113029376,0.5806776685092404,0.7874278572408544,1531.103498287306,478544.4579040788,1,26.911837706101192
15,15_0236,157,1429,0.05,-0.7622840208595401,0.5691734267387764,0.27792421156134994,1337.505708726165,487608.7113941448,1,21.808774948225633
15,15_0237,157,1429,0.05,0.708294612812786,0.7828355539543036,0.10535856490981155,1282.1717545752656,627391.523391533,1,18.688190574799155
15,15_0238,157,1429,0.05,0.252204623618421,0.12048180413911769,0.9131748858752375,1626.2449842647247,201845.91090322554,0,48.356870589856385
15,15_0239,157,1429,0.05,0.8975448104104247,0.9789762586504105,-0.541097255104305,984.7753228935746,785543.3375295307,1,16.35448555188946
15,15_0240,157,1429,0.05,0.7421717197193947,0.15168561711649142,0.4358029822110191,1472.706927326255,293171.398697805,2,32.80806041200313
15,15_0241,157,1429,0.05,-0.08803030101187947,0.12444252782956444,0.9704310414424019,1618.5738855670538,231880.98666252362,0,46.421620282943394
15,15_0242,157,1429,0.05,-0.430873861455763,0.22010157274543907,0.8131104616009871,1565.732191174412,280795.37764999707,0,43.75554672464006
15,15_0243,157,1429,0.05,0.9933340762840346,0.5286908701020894,-0.09421238098700035,1199.220408008651,519440.1928546553,1,18.147426921520605
15,15_0244,157,1429,0.05,0.004265577269262355,0.43184800113469735,0.954211984066221,1595.365391515707,390801.3857350922,1,31.870573274149564
15,15_0245,157,1429,0.05,-0.9235491094345185,0.13416880530685837,0.12848698618029886,1338.3108980194024,303480.0070853836,1,22.954974284011985
15,15_0246,157,1429,0.05,-0.19371349509821312,0.15451470815614743,0.949855786372536,1607.9381603093193,259384.01571425115,2,36.34941881724123
15,15_0247,157,1429,0.05,-0.5476082000909424,0.2888010668157799,0.6980414906311617,1506.4729613014722,335476.9945655189,2,34.44108216067565
15,15_0248,157,1429,0.05,-0.6340221329462625,0.8108740179106257,0.1626115557409029,1253.6070428242188,631738.9624137067,1,17.312636331635606
15,15_0249,157,1429,0.05,0.7123163249843363,0.19189427212540744,0.4879324073312783,1451.536464781577,302340.1193310548,0,37.85058736725975
16,16_0000,283,1429,0.09,0.6007540629650503,0.4916095893179955,0.5582984400518696,1539.1404194932786,333473.60778335494,1,26.19828424619505
16,16_0001,283,1429,0.09,-0.7670387681335802,0.6162620349905696,0.22597972433868974,1337.9144357585383,479405.5880186288,1,22.359340225157673
16,16_0002,283,1429,0.09,0.2766936235235806,0.13960278578624907,0.9065720644368142,1660.550691773258,174720.00863937315,0,48.55732055959771
16,16_0003,283,1429,0.09,-0.14074180800311642,0.966743190512804,0.269159492758251,1388.3319051119531,635073.7929243938,1,22.123525695514104
16,16_0004,283,1429,0.09,-0.8303243808371112,0.38265550381413704,0.2862050451588416,1434.9103931824573,373198.31139091315,1,24.033920581164374
16,16_0005,283,1429,0.09,-0.22658927297565246,0.13181207041883547,0.9293238941769573,1713.774285266529,153012.75280767152,0,46.392466571607066
16,16_0006,283,1429,0.09,0.373796511037473,0.34170429529077573,0.8486364759143745,1619.247274009896,295921.90556695685,0,45.541231394219686
16,16_0007,283,1429,0.09,-0.7667081705116279,0.2874962887966661,0.4102125997156635,1484.0843301987875,273063.08396895655,2,30.765524766257965
16,16_0008,283,1429,0.09,-0.5061815237450695,0.9568886003161919,0.05216574148004005,1286.5282577483224,646913.876915135,2,20.334779162160586
16,16_0009,283,1429,0.09,-0.6865830874287837,0.09587953770108548,0.49572737769104125,1544.2988962438426,150676.7989595821,0,41.98525410192763
16,16_0010,283,1429,0.09,-0.3472839744148484,0.9184237336119215,0.2609989793074281,1299.6588730832584,623981.8129637871,1,18.19962197746875
16,16_0011,283,1429,0.09,-0.43393502387473015,0.42251706957901414,0.77050712267265,1564.397281421497,328264.35086339305,1,30.21324538072863
16,16_0012,283,1429,0.09,0.8629978789493855,0.6893368605878929,-0.011916726020931634,1311.863894295019,495600.6491661216,2,23.557193146727826
16,16_0013,283,1429,0.09,0.30476026788772925,0.6024819979535042,0.7351577758210907,1560.3095782216774,419961.9317148706,1,29.320322964294974
16,16_0014,283,1429,0.09,-0.21558959197159844,0.4281134723650425,0.9096119111720211,1662.320542997516,259015.409685748,0,48.106803050102336
16,16_0015,283,1429,0.09,-0.25699525234655485,0.43079692474405573,0.8887111869884133,1631.5561979953288,293776.2925422339,2,37.80804145895989
16,16_0016,283,1429,0.09,-0.6031583064769168,0.7280342413783699,0.31991391763212795,1445.5055016071947,510753.0642234243,1,20.43743658931811
16,16_0017,283,1429,0.09,0.6795752477123631,0.13607231183344126,0.5202127517195501,1561.518932644398,185307.19576157862,0,41.68876431344028
16,16_0018,283,1429,0.09,0.5764380839994465,0.14871439398399822,0.6535201401786751,1565.1817637172796,228757.37414576384,0,43.94954563834535
16,16_0019,283,1429,0.09,-0.7056722346281115,0.6773546291151085,0.24924887163329013,1379.5134684007674,515741.27806180925,1,20.238422524732748
16,16_0020,283,1429,0.09,-0.9353422683103345,0.7499831240833194,-0.2208625628576324,1212.7377056635394,587023.2703417777,1,18.192834838286522
16,16_0021,283,1429,0.09,0.06677600166989484,0.6956176949541436,0.7206964949349004,1523.945871235353,436437.55657419085,1,26.19466984850395
16,16_0022,283,1429,0.09,0.1300988925042621,0.14593568678170066,0.9680855151441177,1701.1440981897538,104269.96156839322,0,46.97224365589417
16,16_0023,283,1429,0.09,-0.09550741583693001,0.43374935944317417,0.9441463929031596,1640.3898202530818,258368.05278107853,2,36.448270823857584
16,16_0024,283,1429,0.09,-0.2958344107314823,0.07508938063319093,0.870137745693896,1689.3211156129257,144725.1887785568,0,45.60402815698533
16,16_0025,283,1429,0.09,0.280145339186157,0.17726707761694815,0.9141966816680805,1670.2325378563758,166801.96437604248,0,48.41086833494372
16,16_0026,283,1429,0.09,0.8751246418131906,0.9635213640591765,-0.4704974459320117,1117.9092173704425,707893.7238806335,1,15.088561221263706
16,16_0027,283,1429,0.09,-0.14121534514063616,0.35701729900060175,0.9642067352443762,1679.0150258266278,265545.2129258874,0,49.920133578515966
16,16_0028,283,1429,0.09,-0.03561442068339504,0.24532836622405674,0.998701406586602,1692.870316305619,198474.15158595,0,46.4516509952677
16,16_0029,283,1429,0.09,-0.09342785006369425,0.8383648876030845,0.5121387233872298,1430.6087335343648,525370.636720978,1,23.92333838147279
16,16_0030,283,1429,0.09,-0.07736849653794065,0.22129128968065181,0.9928733682719012,1718.0737002171402,186035.9941428678,0,45.411472371828864
16,16_0031,283,1429,0.09,-0.5796696750153767,0.6564171236607336,0.43536731921059313,1477.564983219273,460420.23564218415,1,24.724223177840766
16,16_0032,283,1429,0.09,-0.8267216154093666,0.8386299833648527,-0.16303299937276394,1235.2605039318053,615173.3803762461,1,14.183424116315827
16,16_0033,283,1429,0.09,0.781558572953392,0.7196878810646042,0.08382819618636828,1354.707545313592,538533.6451270672,1,19.209856165712964
16,16_0034,283,1429,0.09,0.59203278418319,0.8044943549475032,0.2239414874091893,1349.7847502551206,546267.8463952199,1,22.789588158890393
16,16_0035,283,1429,0.09,-0.0008492432831219698,0.5214871128191862,0.8979850885756072,1617.1202077216876,334881.2719569285,2,36.283266008641256
16,16_0036,283,1429,0.09,0.6972309925812739,0.34939642508239954,0.500194687871106,1478.159761270245,297554.7838345635,2,33.76540806833851
16,16_0037,283,1429,0.09,-0.6946126130004462,0.6918594739723322,0.24728522825639332,1383.2146836661657,491617.8417323726,1,22.64263898994612
16,16_0038,283,1429,0.09,0.20065278403543352,0.2309010194113772,0.9592335868200413,1684.9243885223605,241156.37020486512,0,43.72571403539923
16,16_0039,283,1429,0.09,-0.6314258755302196,0.846539597923372,0.10876227458898802,1348.9406046038864,597244.1371483053,1,18.890832496025222
16,16_0040,283,1429,0.09,-0.06102093660027963,0.7462738135003091,0.6553938183536709,1518.8003823615618,504476.032283854,1,25.987042455142234
16,16_0041,283,1429,0.09,0.4276184284053013,0.8730309138836237,0.279886397121172,1376.0167150633465,589811.3072918147,1,20.640791134638924
16,16_0042,283,1429,0.09,0.27584749920164686,0.9547049119060317,0.23656004249286466,1319.9409811240796,629243.7875727122,1,19.764805446197823
16,16_0043,283,1429,0.09,-0.13361888872818883,0.2736065184654841,0.9813746877804954,1673.9112413780294,221364.77452123677,0,45.76238802365453
16,16_0044,283,1429,0.09,0.2788139805832006,0.5200512786209478,0.8213247807229648,1602.033948543076,325245.0087931894,1,29.628806907428434
16,16_0045,283,1429,0.09,-0.5886658866728418,0.5533982076178892,0.5260669757559153,1483.4420926037963,428319.8712426624,1,26.271804166983678
16,16_0046,283,1429,0.09,-0.5910504899720679,0.29608791865459794,0.6477193927038991,1569.2404136947227,250004.53220763267,2,33.60745606310035
16,16_0047,283,1429,0.09,0.7439797274477711,0.6585711623461041,0.21544863614902865,1375.025183492242,502880.27797123586,1,20.852517687719928
16,16_0048,283,1429,0.09,-0.7432436718869686,0.9762442903406693,-0.28241914092448406,1148.9834704341038,693804.3191173179,1,17.624323804325012
16,16_0049,283,1429,0.09,-0.7333015896390134,0.601121117215876,0.29163066243230795,1405.0419552723883,446608.81959660165,1,20.94199556124316
16,16_0050,283,1429,0.09,0.6273567413629213,0.16108701142418524,0.595481623512887,1590.0412528768986,200297.8221735637,0,44.48185882339499
16,16_0051,283,1429,0.09,0.4484851514537982,0.9622138556176058,0.09678691510719961,1279.5844867099916,641488.2638942098,1,18.504549220608805
16,16_0052,283,1429,0.09,0.5171083884291696,0.4340046766508928,0.6857370169976409,1586.3099051395172,316964.6452071171,2,35.65662624270831
16,16_0053,283,1429,0.09,-0.594216410387967,0.8780292726865745,0.10099576094573914,1285.933739588893,589208.4503101772,1,19.56252280929086
16,16_0054,283,1429,0.09,0.5657154332908505,0.08014720987054169,0.6400352937756293,1593.6623079447922,133095.82099237933,0,45.713805905840275
16,16_0055,283,1429,0.09,-0.7270767395723032,0.4111531378996053,0.4354143160118168,1488.7619701617823,301430.7489719901,1,31.10991613560922
16,16_0056,283,1429,0.09,-0.22292893908743583,0.5069071834722066,0.8589514065677004,1632.9127993253117,380430.1044432925,1,27.318630255395924
16,16_0057,283,1429,0.09,0.8217708061911952,0.8379796982340677,-0.15381262197099943,1236.2933684985392,591244.0730486988,1,15.688418209879663
16,16_0058,283,1429,0.09,-0.06271548731720822,0.6837127129568435,0.7357114494770214,1555.1748834972643,431094.6114908827,1,30.669080718878966
16,16_0059,283,1429,0.09,-0.4529013729470053,0.6672952760161995,0.5538625645343631,1469.1084340886364,420792.3518266747,1,26.55438523874549
16,16_0060,283,1429,0.09,0.4257434439340184,0.22496824779572533,0.8178752692642723,1668.9075555626764,196311.5885268709,0,43.7412432940795
16,16_0061,283,1429,0.09,0.7106233357488032,0.24952264697243898,0.49501415930389714,1489.1875142278607,297175.11983672116,0,39.7062378107357
16,16_0062,283,1429,0.09,0.21441546597627692,0.9917701342527039,0.192471776712426,1337.922912919734,681032.3334592606,1,19.62215175871855
16,16_0063,283,1429,0.09,-0.5063742187416111,0.347672030660947,0.730381239765542,1590.9099750192242,270115.3343679346,0,44.85357942323039
16,16_0064,283,1429,0.09,0.9480283008908501,0.8885037667898433,-0.46303040697832243,1111.6092300031828,660459.8738383788,1,20.591021554459402
16,16_0065,283,1429,0.09,-0.4779877823948069,0.664795093623584,0.5333893135225434,1505.4540140269849,463815.28834244807,1,25.850012087719495
16,16_0066,283,1429,0.09,-0.11604572382918521,0.47203762253113846,0.9182971189508147,1610.6013120941013,287440.1255619457,2,35.38318963808427
16,16_0067,283,1429,0.09,0.15851977433284836,0.8774625257433228,0.42994522341232766,1418.53811576437,558824.639026342,1,21.96728796380504
16,16_0068,283,1429,0.09,0.1775169487486592,0.5753536203151648,0.8219756522811051,1603.9779961173551,380745.6563645064,1,30.11778493248298
16,16_0069,283,1429,0.09,-0.7009904951767498,0.46944512706563957,0.4419601958547552,1517.9971545207877,358899.1445938198,1,25.5339797688776
16,16_0070,283,1429,0.09,0.9379498064820819,0.4486706201548839,0.06562038154067329,1370.300223264938,380925.7977800917,2,28.79553188260409
16,16_0071,283,1429,0.09,-0.94720830243491,0.512921577555336,0.007117876858325323,1308.708263785458,428785.27604813344,2,23.21924678250293
16,16_0072,283,1429,0.09,-0.8986667414342593,0.448686718591796,0.13775945511359722,1385.1009006177985,432939.81876538874,1,21.43078743265216
16,16_0073,283,1429,0.09,0.48573316863101645,0.8923062282318597,0.1930497375761877,1303.2452558594441,620512.2314914112,1,19.473861963572734
16,16_0074,283,1429,0.09,0.6915716762052186,0.0355299180290225,0.4580643729881606,1548.8497276643163,128501.72200162709,0,45.00217804305178
16,16_0075,283,1429,0.09,-0.5194308732840303,0.8398742827317391,0.24859756175027725,1353.72600051921,583471.4000019486,1,18.59066966355534
16,16_0076,283,1429,0.09,-0.7108292697464351,0.8754382397942415,-0.04669415632952245,1295.1274937227215,617288.961477724,2,20.38325537683349
16,16_0077,283,1429,0.09,0.8886194790382802,0.4381782907522135,0.1613435611132863,1403.7999961528199,363771.93474329024,1,20.31660478877469
16,16_0078,283,1429,0.09,0.7966846124048579,0.6993123756941095,0.08587271354502424,1315.67532371603,516053.2223736763,1,18.607269662431946
16,16_0079,283,1429,0.09,0.2495280202609007,0.4435698001641636,0.8858751892007388,1636.5229670761892,293116.2258289959,2,34.57040801579657
16,16_0080,283,1429,0.09,0.2035177941189703,0.7493319880707405,0.6134837125832762,1500.1863413892133,531097.2262990667,1,25.669121177973732
16,16_0081,283,1429,0.09,0.933475149344152,0.8638485618518413,-0.392912265360144,1141.1541952160876,650200.777700716,1,18.319509369986474
16,16_0082,283,1429,0.09,0.6066990668453989,0.9995181101809494,-0.14563032863041592,1174.451615163953,719129.8603260679,1,14.654196906480083
16,16_0083,283,1429,0.09,-0.21190760699968925,0.017425052716909306,0.880228583253129,1714.994833134424,107467.10860296596,0,48.57037476578363
16,16_0084,283,1429,0.09,-0.7887904182641994,0.8659941050245247,-0.147378887855397,1251.1238951452547,639873.5895560778,1,18.86033822368107
16,16_0085,283,1429,0.09,-0.486766508122916,0.5094986051377748,0.66985487028131,1585.9774393691514,400167.29809986096,1,27.35583985116903
16,16_0086,283,1429,0.09,0.7032990046689318,0.24488694848040682,0.5053343255391749,1532.0287342462973,245437.587482487,2,32.96347937310746
16,16_0087,283,1429,0.09,-0.1441725590201004,0.01253520967847499,0.9011664854851862,1697.449054712478,88608.05495231425,0,49.63964572738479
16,16_0088,283,1429,0.09,0.3998923708572726,0.6772546436783458,0.5874265338827998,1517.6816887426335,461408.8964000937,1,27.290601269339046
16,16_0089,283,1429,0.09,-0.4741718557423116,0.12204779975345414,0.7525011681105677,1656.111619175143,179961.7862043608,0,45.02607507235933
16,16_0090,283,1429,0.09,0.6365080493077291,0.20609390633044067,0.5921893439120471,1543.3203484692199,222838.678410607,0,41.50430595840285
16,16_0091,283,1429,0.09,-0.9485924568494515,0.9166398602394554,-0.5149262004167037,1074.781103702944,682947.2738737701,1,17.456376998813777
16,16_0092,283,1429,0.09,0.05018959171236004,0.5209199335172385,0.8958926168187156,1628.7222861927244,335476.59640194476,2,38.07303997729035
16,16_0093,283,1429,0.09,-0.151546765933525,0.33244482903253325,0.9676257578953612,1676.1493579393712,251785.03378931302,0,46.403076635652134
16,16_0094,283,1429,0.09,0.4312584715518355,0.80622058077483,0.3858066712303605,1461.1182965828336,569516.8129106227,1,26.710848797253032
16,16_0095,283,1429,0.09,-0.3586394790349614,0.5100161823534396,0.7778020630593209,1608.740115098264,346008.1562028879,2,34.036931339558286
16,16_0096,283,1429,0.09,0.783403622450408,0.03606270943972545,0.3229304400516184,1473.1960879293526,173972.77657681095,0,36.80922386983417
16,16_0097,283,1429,0.09,0.6489685424786571,0.22269101895928645,0.5778076088032561,1536.0868317250336,241818.21518889035,2,35.508882673326745
16,16_0098,283,1429,0.09,-0.04902332441030954,0.4510673914544585,0.9416408715789166,1665.8506709485557,315528.1947511674,2,38.73470721216756
16,16_0099,283,1429,0.09,-0.4411200545610532,0.34292060642653055,0.7934625935212518,1567.8821991524744,266269.7803783311,2,37.922203183748245
16,16_0100,283,1429,0.09,0.2460111441553794,0.9792302142549747,0.20345539531488166,1360.1616351738846,625805.6638754739,1,19.267465391844112
16,16_0101,283,1429,0.09,0.06316042199462957,0.60597725854809,0.8206200225420226,1605.733825375076,414479.6755143748,1,29.016261331907796
16,16_0102,283,1429,0.09,0.2606667741572619,0.6267730756752141,0.7355712403884946,1594.2336029256044,363109.51814609324,1,29.296297172023465
16,16_0103,283,1429,0.09,-0.10108567897201204,0.3935665213130747,0.9612538709158504,1664.9258905768681,267469.151389103,0,47.13390597526313
16,16_0104,283,1429,0.09,-0.2211101855947577,0.03457166331823147,0.8868758661093336,1681.1791842482892,108414.51811527059,0,47.979659793813035
16,16_0105,283,1429,0.09,0.0853760887615298,0.8540837654752674,0.48763522006186233,1458.239873718757,581644.6888158406,1,23.023984068763202
16,16_0106,283,1429,0.09,0.19367607585923707,0.7925115093167623,0.5551280029115297,1502.4720574324836,550457.7659256782,1,24.093397458391454
16,16_0107,283,1429,0.09,-0.9830769618213382,0.09486203011118832,0.0002478674804569092,1331.743633775375,195311.2266769797,2,24.63802622292635
16,16_0108,283,1429,0.09,0.38384295120483514,0.016826137012448394,0.7774119239238055,1656.6248853717882,107802.514202967,0,47.248267949123296
16,16_0109,283,1429,0.09,-0.8370320397230673,0.798728739228488,-0.1173745099247383,1242.0624597938554,598730.2010598417,1,18.69535798918935
16,16_0110,283,1429,0.09,0.1821656437897119,0.9098694905624992,0.36414751964107117,1386.0201639230627,593777.3934608827,1,20.435515380727484
16,16_0111,283,1429,0.09,-0.04833988130108424,0.8197484899978386,0.5483714332393719,1465.683154649297,547836.3146552591,1,25.812245237078788
16,16_0112,283,1429,0.09,0.9542238409221664,0.5163894235281747,-0.008762273487605832,1312.042231939129,451508.78110508097,2,20.606244150062892
16,16_0113,283,1429,0.09,0.4458132039298719,0.3806629277016409,0.7776204132563649,1606.001806866885,326209.38497768366,2,35.37612306570257
16,16_0114,283,1429,0.09,0.00994443431737424,0.45302611428664163,0.9428497544789345,1642.0686003513688,309387.4059406154,0,47.57521355253248
16,16_0115,283,1429,0.09,0.428684202989039,0.5818048591404459,0.6638499723786404,1538.4783360705921,414675.4475964845,1,26.981050641018733
16,16_0116,283,1429,0.09,0.1114242654827935,0.1581017889436298,0.9758956625490094,1693.6667106759917,152351.17352165905,0,47.92281914635813
16,16_0117,283,1429,0.09,0.7699400028312122,0.7728257144974784,0.028857820774115472,1299.573094122305,578452.1204260456,2,23.944735095313458
16,16_0118,283,1429,0.09,-0.6641275203971642,0.28579247711059697,0.557161485899955,1518.0696390265514,255281.95981854133,2,32.31548415058897
16,16_0119,283,1429,0.09,0.2683717788993172,0.1900923595730183,0.9230092175201343,1645.258834244432,199098.3804517916,0,45.331830374758376
16,16_0120,283,1429,0.09,-0.020224416013536084,0.033402463063374244,0.9346574186619454,1728.8564842347232,95139.01244536968,0,49.63409912820983
16,16_0121,283,1429,0.09,0.23994136123284937,0.7446911693761461,0.6037162358219919,1549.0562773003746,437812.2105174721,1,25.69352165059116
16,16_0122,283,1429,0.09,-0.19855998490466975,0.1623266213376291,0.9499350101440338,1707.4697700007712,163883.41151505135,0,47.09239973584758
16,16_0123,283,1429,0.09,0.4042091349728272,0.9905979289928608,0.07746578153183437,1253.5531273188867,707372.2423599535,2,21.881406868503305
16,16_0124,283,1429,0.09,-0.16491952814301558,0.20181849356304526,0.9695884591851345,1728.8300689903401,195514.0776975949,0,45.11495039848889
16,16_0125,283,1429,0.09,-0.1844585386735189,0.1395092043862064,0.9490778628524796,1659.2336511223787,171198.63431134404,0,49.48890376852659
16,16_0126,283,1429,0.09,-0.7753097618835072,0.2174284293624129,0.3974263894412199,1500.0238066305888,224297.63129540044,2,31.21810764695058
16,16_0127,283,1429,0.09,-0.2909746876432864,0.5176070950188872,0.8162146206949089,1592.4838347141322,350643.89737987757,1,29.233565342136835
16,16_0128,283,1429,0.09,0.134515631654474,0.4379035824256632,0.9330366780054449,1684.5595419156857,285282.91097415326,0,44.895109578671395
16,16_0129,283,1429,0.09,-0.3435183438013485,0.6778722935645294,0.6286045597900812,1546.8999856846488,479851.1849023694,1,26.821497739808187
16,16_0130,283,1429,0.09,0.6036500730987622,0.9373113039713239,-0.018229851674994357,1236.4527063639073,641692.1710134788,2,19.111125122704255
16,16_0131,283,1429,0.09,0.2563858518564728,0.6223449360758967,0.7423759815818605,1585.8249516473136,405196.188349229,1,29.5333048843142
16,16_0132,283,1429,0.09,-0.7521993084333796,0.9262833210715731,-0.19882681740640384,1193.2213952627928,699615.348687975,1,17.63202747921206
16,16_0133,283,1429,0.09,0.05419617834492496,0.6957836634751596,0.7220135360225846,1520.0503577279303,467570.4362695556,1,30.497223681850407
16,16_0134,283,1429,0.09,0.6168988229856813,0.987340163627656,-0.13304930229725542,1193.1112019295792,659570.1833731058,1,15.588111281419378
16,16_0135,283,1429,0.09,0.47974780966586894,0.7497313169463148,0.4241930576164439,1434.224076850696,522912.79352875426,1,23.093604303447453
16,16_0136,283,1429,0.09,0.18913741023395025,0.7511751401719279,0.6165778758612726,1496.5135029427254,507814.8782328007,1,24.85374636431702
16,16_0137,283,1429,0.09,-0.661927306920739,0.2605174051925322,0.5616991388827839,1553.3473392623143,244976.591540904,0,44.28079321610352
16,16_0138,283,1429,0.09,0.4461421749620895,0.5739032935718357,0.6557483796693243,1531.1238529894454,395335.4493557639,1,27.396542382733724
16,16_0139,283,1429,0.09,0.12693899212496285,0.06784878290399521,0.9379639097322006,1697.428489866801,155461.50704905446,0,48.089575402849974
16,16_0140,283,1429,0.09,0.19316091076058295,0.38262927298456995,0.9383421164608333,1655.460667199075,254090.38649423321,2,36.92878344239105
16,16_0141,283,1429,0.09,0.7807160033084957,0.5953927794432744,0.22536671305475575,1416.8056370792078,478222.42463067523,1,19.995396845393238
16,16_0142,283,1429,0.09,-0.04555917809128096,0.28820838645693647,0.9959037650347021,1670.1137436122506,189236.45647554717,0,45.40343229067718
16,16_0143,283,1429,0.09,-0.6485860145957418,0.5763891401654528,0.43188999368749914,1452.7233267325535,432084.43835625076,1,24.879378044343202
16,16_0144,283,1429,0.09,0.1952763379196858,0.567358973857489,0.8224668497201253,1605.705438332826,350087.2574073632,1,29.77770153563217
16,16_0145,283,1429,0.09,0.12243504556557627,0.027139958884180304,0.9162669635258053,1707.904758509634,115328.53163372962,0,49.19145657053082
16,16_0146,283,1429,0.09,0.9376274485263145,0.9655793015945262,-0.5878701275524716,1048.808362323249,728532.8225251514,1,15.968303680495499
16,16_0147,283,1429,0.09,0.19549216990918628,0.05454351562116466,0.9089063585135627,1690.6922893456867,105543.0508777766,0,47.78859488044241
16,16_0148,283,1429,0.09,0.8139104464851248,0.5186326753466863,0.2376694885433286,1379.073890171952,462429.04959823046,1,22.481311900989386
16,16_0149,283,1429,0.09,0.7277187876819655,0.7420497533209206,0.13532092350357794,1285.3992871123494,529471.9630751044,1,19.650543256931638
16,16_0150,283,1429,0.09,0.7803251151941506,0.45446172816419683,0.3332316789101907,1417.5669295946464,381865.3099142808,1,24.74672773789341
16,16_0151,283,1429,0.09,-0.8527762123672396,0.9765430134530636,-0.45783591944856195,1098.7386226513288,749503.7431414634,1,16.74544422066504
16,16_0152,283,1429,0.09,-0.23691669874420773,0.02728342626386515,0.87521626025509,1693.9345157882562,100101.61752263177,0,42.65702271926672
16,16_0153,283,1429,0.09,-0.32545405542146844,0.48270364918889697,0.8191301929712018,1644.7544776036596,339053.24033168476,0,42.962021047531856
16,16_0154,283,1429,0.09,-0.9980893331530389,0.22893377430794448,0.0032034465548990143,1384.8571768780264,338901.6000913571,2,25.785875737469528
16,16_0155,283,1429,0.09,-0.7946112196987147,0.7385316090207217,0.03826341366404162,1304.5310669581966,539621.1751757443,2,22.835328980787917
16,16_0156,283,1429,0.09,-0.8294068489201842,0.2320249538069996,0.3116370785689405,1430.6171750666635,286555.5128316544,2,31.895902323382625
16,16_0157,283,1429,0.09,0.02002116451813074,0.2916880914674007,0.9971937592409651,1668.0054252336984,241284.80926996676,0,46.22063143521815
16,16_0158,283,1429,0.09,-0.7498719538376757,0.38282482677012986,0.41327345823657335,1442.8213214073176,325433.9502516473,1,25.323850068907436
16,16_0159,283,1429,0.09,-0.6589265477650905,0.012336164449205822,0.48763712128883674,1544.9099731075357,116759.06004796714,0,43.88326695987529
16,16_0160,283,1429,0.09,0.43937052175522484,0.9473837117017669,0.1338130029558866,1283.7524081929344,659103.1945651018,1,17.09166665299807
16,16_0161,283,1429,0.09,-0.392834989534683,0.5298295333977603,0.7373006464137446,1548.640206980458,350479.7914282975,2,32.86644150777512
16,16_0162,283,1429,0.09,-0.7688423872926631,0.9558889074913278,-0.28077833929276075,1174.5819438428914,669261.2592758215,1,15.095111257655258
16,16_0163,283,1429,0.09,0.2651647547904836,0.7567498124509318,0.5742615318216715,1534.9741944132927,513522.25880290207,1,26.49968359229955
16,16_0164,283,1429,0.09,-0.040311039245216396,0.5737807470636765,0.8532760966975139,1591.1798323864018,376789.81267982104,1,30.03030545437759
16,16_0165,283,1429,0.09,-0.042239002130113334,0.33543587412796105,0.9881130451239536,1655.3716179697838,244867.37635913517,0,46.75123705127947
16,16_0166,283,1429,0.09,0.1438046539336333,0.0623017702837122,0.9305581101732863,1691.8556712473369,102919.48280751814,0,45.77802706539919
16,16_0167,283,1429,0.09,-0.32503995385105355,0.1473346004355438,0.8797605380645472,1672.2692931986635,194477.78197611752,0,45.03742913997326
16,16_0168,283,1429,0.09,0.6130664952924101,0.8963800495481213,0.04586965442070223,1284.906004246932,606954.1045999548,2,22.122116044230435
16,16_0169,283,1429,0.09,-0.20168874004689474,0.006781599401304961,0.877445956097068,1708.5199111436214,134720.93497022145,0,48.91912074964938
16,16_0170,283,1429,0.09,-0.36574465088693175,0.45884418645907477,0.8058628306690458,1642.2442900861902,347824.11357821134,2,35.01470429039485
16,16_0171,283,1429,0.09,-0.7390648904551436,0.4223503686917177,0.41266938584438684,1484.4138020617181,335466.2850142332,1,22.225949239687274
16,16_0172,283,1429,0.09,0.42275240750496557,0.1562243697241148,0.8091089571963133,1651.7893484398348,206322.0230366541,0,47.296797751537724
16,16_0173,283,1429,0.09,0.7039912188389563,0.7239723011299664,0.19346246450568838,1380.8139194524579,526788.9539641473,1,18.98373532053236
16,16_0174,283,1429,0.09,0.11696234681168871,0.7347034888995855,0.6611468375924122,1484.1322999127824,492411.21618972754,1,29.732460573970595
16,16_0175,283,1429,0.09,0.7116168040676514,0.9545248613841384,-0.19339540359386564,1184.8157395543599,667626.7818532187,1,15.022887170634379
16,16_0176,283,1429,0.09,0.14144538583833843,0.7980427344855086,0.5642826992646924,1494.7760323187274,509298.7763768899,1,24.61344396692534
16,16_0177,283,1429,0.09,0.0691038987090471,0.021804777780519924,0.9231512125066729,1699.4070824516166,112476.41687631435,0,47.206716376242
16,16_0178,283,1429,0.09,-0.2832065313883969,0.005730900713121323,0.8372094337742152,1679.98511449877,69895.00085970014,0,46.09404535059992
16,16_0179,283,1429,0.09,-0.4822941201522246,0.4364162936900374,0.7192940639459959,1591.7603106815197,294141.07642125076,0,42.45393209481912
16,16_0180,283,1429,0.09,-0.4788220110371362,0.3249300112112118,0.7629585383828754,1594.1454392769974,258113.2754189366,0,44.156908742791735
16,16_0181,283,1429,0.09,0.10772496261248277,0.49270784716723803,0.9068630153691629,1646.2777355550975,319490.3516338763,2,37.074749766914906
16,16_0182,283,1429,0.09,0.40959387656980417,0.6925535452979048,0.5611551532235862,1506.8811811882056,470963.34684224334,1,27.783157182114106
16,16_0183,283,1429,0.09,-0.19534275215214914,0.5437688218921786,0.842394675318761,1617.9545249693817,364000.9428716699,1,30.676429435194773
16,16_0184,283,1429,0.09,0.5741496458552662,0.6587426904453371,0.4391126173926564,1428.616110571303,476556.2660452694,1,25.959620461427633
16,16_0185,283,1429,0.09,0.43118142657803094,0.275163549680011,0.8132061701319218,1652.8435377958078,193181.21653434058,2,36.70578103910665
16,16_0186,283,1429,0.09,-0.728747377268343,0.6592858614193504,0.23707270461201335,1396.6202534074814,491378.3390136675,1,22.481249287056034
16,16_0187,283,1429,0.09,0.9773241108201647,0.3029963006172174,0.040950235864092854,1395.5022659173158,345389.7035269525,2,30.090685553863974
16,16_0188,283,1429,0.09,0.5638905500925648,0.3645762477430684,0.6638575976244279,1567.3734073430578,317089.169261143,2,34.941293370363226
16,16_0189,283,1429,0.09,-0.4202166562417997,0.7035872571782559,0.5386547785996695,1491.1085940381215,496612.0035551923,1,25.12784827907319
16,16_0190,283,1429,0.09,-0.6060906606690171,0.7867558721562373,0.23389028226889064,1384.9105674510079,542635.8229484805,1,22.79557574699317
16,16_0191,283,1429,0.09,0.22174557780689708,0.5377059850537337,0.8362617930680829,1599.7257418887975,346945.4507289861,1,32.53950032791766
16,16_0192,283,1429,0.09,-0.8980920438876931,0.8839922821510423,-0.3628962588474356,1162.6585838617793,675612.1249291815,1,15.51522761040292
16,16_0193,283,1429,0.09,-0.8908219001471478,0.3203789596374804,0.19958070490382496,1408.8013643268748,299272.76493374596,2,29.901806075318643
16,16_0194,283,1429,0.09,0.8367220208010326,0.021043880457314312,0.22734137454186865,1480.0748826174465,141574.3132374006,0,38.70237635970661
16,16_0195,283,1429,0.09,0.3135092255457099,0.6121586173620351,0.7201772054567867,1530.2504805744704,425422.5471094542,1,28.044779030678086
16,16_0196,283,1429,0.09,-0.734545705481368,0.932480069842819,-0.18423427334791498,1208.753266546175,676275.5144035434,1,15.073597611532229
16,16_0197,283,1429,0.09,-0.6255387478202972,0.3683839375588025,0.5893036878862431,1544.0084051682225,275343.49385978363,2,33.921459396798475
16,16_0198,283,1429,0.09,0.9677893275523337,0.6870545832536334,-0.200999170403793,1197.252881658353,555738.0531669249,1,15.584599588192074
16,16_0199,283,1429,0.09,0.31938495708223713,0.879044330472637,0.3503160592937047,1405.690115792456,576624.9106318394,1,20.839714388939754
16,16_0200,283,1429,0.09,0.5741402538547169,0.12641174364183894,0.6492224054300765,1593.2541310132895,174434.23372174977,0,43.083136041630816
16,16_0201,283,1429,0.09,0.23601822076485712,0.31138731220771176,0.9390796180135834,1658.3884777101928,307627.7764698605,0,43.3536372114342
16,16_0202,283,1429,0.09,-0.34596057531082836,0.047482077778229326,0.8235451781561741,1678.960722218663,117132.27548608361,0,48.832136147539416
16,16_0203,283,1429,0.09,-0.30146116225845,0.968046425182061,0.19550086492765706,1339.194654334519,635549.2356224027,1,21.21546802287854
16,16_0204,283,1429,0.09,0.7712775404015915,0.3611733104176903,0.38802437442746507,1487.7140069048157,325988.8687615309,1,25.787287327061883
16,16_0205,283,1429,0.09,-0.0234962194374011,0.1321429691813385,0.980222627030778,1709.8810219071229,139692.51946226088,0,48.048476266623744
16,16_0206,283,1429,0.09,-0.8911191452111844,0.31407691732957166,0.2002238298208413,1413.96870515073,289636.81785666174,1,23.56938923678511
16,16_0207,283,1429,0.09,-0.7398338181342057,0.03685413861685172,0.38976542573214057,1500.4636982922038,190296.68769522227,2,32.96506661796192
16,16_0208,283,1429,0.09,-0.23135232138858286,0.7084201459833853,0.6556123937086282,1524.1663889566887,464809.3752543679,1,26.39549491340577
16,16_0209,283,1429,0.09,0.5401850779181774,0.8971098439566533,0.12861371461099746,1327.6568683054968,603275.8113677148,1,17.64294969380978
16,16_0210,283,1429,0.09,0.5670613832004612,0.9138310894927105,0.0685151380259228,1271.116061163762,650342.2766114762,2,21.644528692557614
16,16_0211,283,1429,0.09,0.6455836966964146,0.548364842380001,0.46000843219516496,1469.6728455212333,387905.9979521533,1,26.941380578226664
16,16_0212,283,1429,0.09,-0.29895871020536435,0.3563030847683104,0.8949830725248591,1650.1960164731806,258130.70179290965,0,47.448021388029446
16,16_0213,283,1429,0.09,0.5793030309636984,0.5494094913401387,0.5403304294518285,1502.2196757530737,394634.40086518624,1,26.817512207539068
16,16_0214,283,1429,0.09,-0.971573940850716,0.21609053833719338,0.05445258736948222,1341.7814189373082,251288.94042753504,2,27.384676837452226
16,16_0215,283,1429,0.09,-0.3611725481928847,0.9998608482078876,0.09129654728299652,1292.694755066443,683780.5579287887,1,18.413629559184077
16,16_0216,283,1429,0.09,0.030728697658774395,0.5420829197907506,0.8809762564364031,1623.810619841911,337655.3440113686,1,29.945299467325032
16,16_0217,283,1429,0.09,-0.5770577324923616,0.7649871788012479,0.2999292255096412,1412.6639668397108,510013.2030778935,1,22.795388087914883
16,16_0218,283,1429,0.09,0.6711363491477547,0.20609117891771067,0.5469075100999083,1545.7505393797476,265074.7510645996,0,42.89760716643586
16,16_0219,283,1429,0.09,-0.6043910926536609,0.2827507059853085,0.6332268275464694,1519.101973147186,235585.85000494483,2,32.685240527195035
16,16_0220,283,1429,0.09,-0.6769561364593748,0.5993779677221475,0.3727823417948989,1426.758588688479,422996.6905680999,1,22.73721099066126
16,16_0221,283,1429,0.09,-0.7315887465892714,0.00966305376024823,0.38483071177695016,1505.6475092500543,179800.64050616554,0,42.4576103038793
16,16_0222,283,1429,0.09,0.8326934447614853,0.8800559990080575,-0.24281859701247388,1211.3054083769161,666902.0022503426,1,17.496329551977734
16,16_0223,283,1429,0.09,0.307775715709385,0.6422581371750993,0.6923101694699856,1555.793110637732,469112.89508159854,1,28.29334541372585
16,16_0224,283,1429,0.09,0.20635805982317956,0.9558192060173925,0.267892819543214,1366.5052046234512,610750.1295576042,1,23.82324988683127
16,16_0225,283,1429,0.09,0.3062493351078819,0.4821107202544245,0.8316433358089177,1634.5100617219057,318902.4864894729,2,37.867017200567844
16,16_0226,283,1429,0.09,-0.9930361526307765,0.21279159204151088,0.011962984173378932,1367.7683747434414,277235.17996248737,2,25.768835639098253
16,16_0227,283,1429,0.09,0.6279419106377209,0.35347487180574844,0.5908695117501627,1525.6050090609233,293751.2243126941,2,32.13252520826201
16,16_0228,283,1429,0.09,-0.4508319946751147,0.4245560374938403,0.7545777648602318,1586.4906708112405,317764.01011505927,2,35.328704205498596
16,16_0229,283,1429,0.09,-0.41281738068057416,0.7904134900444079,0.4253648687243242,1429.8928625129756,531740.1053250557,1,23.94353657125772
16,16_0230,283,1429,0.09,0.8941252837828573,0.9999770204176942,-0.5779590281580487,1058.8393497184964,723140.0878464729,1,14.676576121373182
16,16_0231,283,1429,0.09,-0.33551096919582424,0.5022779118089321,0.7993436078376173,1601.2688359319,341504.98096139514,2,33.50043083557987
16,16_0232,283,1429,0.09,-0.6235492562073344,0.44379057347933304,0.5592073820113787,1515.156172232627,294741.2172124787,2,35.22211297575206
16,16_0233,283,1429,0.09,0.24303684045990037,0.5836406748348093,0.7868623676682281,1611.3559021384087,406558.8491338714,1,27.804486378446914
16,16_0234,283,1429,0.09,0.432673600259206,0.5124803622670274,0.7174358524195951,1617.7218902437407,357159.6363713391,1,28.909547088349765
16,16_0235,283,1429,0.09,-0.8816767070046398,0.3517982616417863,0.20830308941432707,1388.4678203756737,325333.8603136431,1,21.588047086664048
16,16_0236,283,1429,0.09,0.5610266791525453,0.7712878409517714,0.30913693638749695,1394.9272423265018,545820.0095366017,1,23.817042123378027
16,16_0237,283,1429,0.09,-0.2174414982012558,0.0455424333211194,0.8948605144831782,1698.3868738964366,140666.0964275187,0,43.79454377988976
16,16_0238,283,1429,0.09,-0.7414681082092018,0.26807878240970484,0.44977266752123846,1482.8022916017544,271976.93754138733,2,29.983429367063756
16,16_0239,283,1429,0.09,0.10157551266147102,0.3053459492287359,0.9854427278974143,1678.372385603193,224842.12487888482,0,46.95341193112282
16,16_0240,283,1429,0.09,0.7684200831300085,0.6712804288995956,0.16388739276450925,1364.3008014860125,526202.8361423603,1,21.41941370339689
16,16_0241,283,1429,0.09,-0.40172181789577865,0.3215591093867818,0.8315320984850169,1613.1632937506472,253491.59697290664,0,43.212934682524875
16,16_0242,283,1429,0.09,-0.7593748648073022,0.43999757199854206,0.3733856937780041,1450.991302076912,361236.6892850929,1,25.083557528297227
16,16_0243,283,1429,0.09,0.8123627314962278,0.976670366806066,-0.3907980130521267,1121.0242651758188,721306.60233628,1,13.880560911930415
16,16_0244,283,1429,0.09,-0.9825706053465326,0.9811837721908184,-0.7054169096677918,1011.4361412303239,726195.9607175746,1,13.909018984831016
16,16_0245,283,1429,0.09,-0.4829240664181964,0.8469322772425022,0.2735966040479273,1383.8117788402258,594223.3896026382,1,20.881993336852915
16,16_0246,283,1429,0.09,-0.7085604765332425,0.997691305959671,-0.2758189025488611,1132.3503552190232,688170.4923333006,1,15.98822291989978
16,16_0247,283,1429,0.09,0.642383616381522,0.8111857883682237,0.1514547232226393,1278.5259231357372,575230.8361109709,1,18.259577663031404
16,16_0248,283,1429,0.09,-0.19110451521621497,0.5999988085596921,0.7939300455882605,1549.1078786730945,374139.9754770291,1,28.72190859739603
16,16_0249,283,1429,0.09,0.794643538274602,0.985635712513855,-0.38046859724790005,1131.08250422129,707845.0542781177,1,16.452536072243966
17,17_0000,283,2000,0.064,0.5367050117009611,0.7422330710244271,0.3765935488093428,1379.941604593236,555339.8525951905,1,24.149770992858446
17,17_0001,283,2000,0.064,-0.41243941646985816,0.6848318727009735,0.5681930252968325,1472.9272401172364,529152.322568091,1,21.924472403020452
17,17_0002,283,2000,0.064,-0.7870202048426262,0.13806172895190472,0.3632563922902501,1423.0183804109297,284676.4721220394,2,30.164387918611098
17,17_0003,283,2000,0.064,-0.9021326089483137,0.8383117218922788,-0.29288917093184685,1122.0517653546387,698727.5217175912,1,18.137045483765633
17,17_0004,283,2000,0.064,-0.7673457994307411,0.0025786104865862525,0.3264505362222967,1394.5634268922659,175028.8057167573,2,29.404169232780163
17,17_0005,283,2000,0.064,-0.9381559658381733,0.9149794172782003,-0.4921748520905651,1074.6826856101484,723706.7999190685,1,15.874996351268392
17,17_0006,283,2000,0.064,-0.8724449870785493,0.38500037867184356,0.21361468951591667,1376.9004628676657,383655.8437237607,1,23.43549729301452
17,17_0007,283,2000,0.064,-0.9187833052236767,0.2142558229334619,0.15406886960742705,1358.542576435431,335997.9387690337,1,23.213459057907045
17,17_0008,283,2000,0.064,0.10206945493683461,0.4227084144433829,0.9482971254421884,1633.0169137701355,357734.7035678793,0,45.179176847690016
17,17_0009,283,2000,0.064,-0.09825345379954187,0.7716076001058686,0.613772572327598,1468.798041834353,550423.6310459513,1,20.96040361007647
17,17_0010,283,2000,0.064,-0.6522549198690171,0.9353486953301278,-0.07554420947701712,1197.9734807513953,722975.8828394527,2,20.714317745570618
17,17_0011,283,2000,0.064,0.927314885221586,0.9114872052347894,-0.4655396405602117,1029.8011599277952,693840.1642773075,1,18.590025308239618
17,17_0012,283,2000,0.064,0.7014678029926096,0.023804877836338556,0.437127373557616,1467.2180703808438,160878.6811733697,0,37.97624775824089
17,17_0013,283,2000,0.064,-0.26275369226636824,0.03171715281088772,0.86501253681702,1614.1005389447175,162467.115592339,0,43.59236927231754
17,17_0014,283,2000,0.064,0.16827916088502337,0.31777144253950307,0.9653250742901921,1611.619332993725,310254.38564488443,0,46.15718998257849
17,17_0015,283,2000,0.064,0.056481253841317525,0.5525458869503187,0.8701191915485196,1562.9235731732049,433583.6436642586,1,30.673223542656203
17,17_0016,283,2000,0.064,-0.07396930052734074,0.37303038909429054,0.9735784019003367,1630.88973104512,326281.0168778962,2,36.817029339698315
17,17_0017,283,2000,0.064,-0.5284576540520827,0.2736887189585846,0.7199558221908644,1554.9094718852198,305241.5017602874,1,29.348406664602035
17,17_0018,283,2000,0.064,-0.12442106732305724,0.1961203551445122,0.9805013826016882,1678.0383814264987,236938.25745305803,0,51.479344735042915
17,17_0019,283,2000,0.064,-0.21364662519160715,0.11787547075695992,0.9301933323778772,1634.8545383415621,174922.75396371915,0,46.37190115985612
17,17_0020,283,2000,0.064,-0.12367613760150853,0.3343895008205219,0.9748473439931812,1660.2698629725965,304186.9768997107,0,47.03228766094541
17,17_0021,283,2000,0.064,-0.11928961472523114,0.09186718688677942,0.9511596257659714,1662.9317680470128,181996.3257419657,0,48.26862988873374
17,17_0022,283,2000,0.064,0.8217026980860587,0.786778675211034,-0.0739930349918223,1237.6469527566162,619730.6103092304,2,22.874229987243222
17,17_0023,283,2000,0.064,0.6236936922973702,0.8568481776036609,0.10129723609728392,1252.905210904213,636950.02812859,1,17.27644885778112
17,17_0024,283,2000,0.064,0.8180004041854911,0.12043899381150813,0.3076420455695712,1431.6598633954416,205964.6023813922,2,30.279919338223877
17,17_0025,283,2000,0.064,0.8841354673427191,0.25471022905514507,0.21827376776348573,1369.3268387088658,331983.02319198113,1,25.486104881397427
17,17_0026,283,2000,0.064,-0.2450610338136856,0.977747867643296,0.20691123661362187,1301.2373060144853,710023.7211119588,1,20.282587309706386
17,17_0027,283,2000,0.064,0.9052445197838874,0.6840515412175877,-0.08022991109476552,1197.7326895059132,554847.2808522052,1,16.62893438909026
17,17_0028,283,2000,0.064,0.4133584329516349,0.763324361545346,0.46442629358121224,1389.8978782007791,562822.9737279477,1,23.517196781961353
17,17_0029,283,2000,0.064,0.9302687965600176,0.6931380346544302,-0.13719424528213842,1214.6614412721115,593872.255386582,1,18.85382899803853
17,17_0030,283,2000,0.064,0.0011359215811328482,0.1768488681070587,0.9925923593745927,1668.4689876864388,214321.06137653,0,50.003809612462895
17,17_0031,283,2000,0.064,0.7519946786986622,0.379551107074678,0.41127426017183744,1417.6477547765699,400747.442309307,1,22.6084783049783
17,17_0032,283,2000,0.064,-0.0332019442241307,0.22281982356387564,0.9978751229535802,1666.5105574352303,235022.0864333826,0,48.1586387382585
17,17_0033,283,2000,0.064,-0.9387787808795278,0.13294310327404035,0.09972925583524439,1352.8884217883592,268360.8870602194,1,23.305010028690127
17,17_0034,283,2000,0.064,-0.3632275059143746,0.5540892456215902,0.7400792470403609,1513.8259032822216,452098.05850596545,1,27.657466203604194
17,17_0035,283,2000,0.064,0.15607849583986377,0.31755489388757296,0.9693230136025784,1627.6355361070957,326267.038496576,2,36.93820369073946
17,17_0036,283,2000,0.064,-0.706825217958478,0.8043512693612508,0.07506201459022688,1274.2874745930376,596525.4789557825,2,24.12771056596782
17,17_0037,283,2000,0.064,0.3863542389180217,0.6036207627815519,0.6776540783742886,1519.583860217023,459742.2709847869,1,22.882478790347612
17,17_0038,283,2000,0.064,-0.34558830209492686,0.8762271108395037,0.33778617272103884,1339.1099463954454,645498.9468418342,1,19.32263641746028
17,17_0039,283,2000,0.064,-0.44667187146702947,0.5071863930484379,0.7089342866183206,1519.2300890497052,395416.4738769388,1,27.632410358372066
17,17_0040,283,2000,0.064,0.6795224965005611,0.5812395946554776,0.3863880430921708,1414.3338672376544,477825.0639597085,1,25.053004843282512
17,17_0041,283,2000,0.064,-0.5155431780536794,0.84158859675307,0.2498179058761303,1338.4724846635859,645034.0668004178,1,19.97484030622269
17,17_0042,283,2000,0.064,-8.507962478065956e-05,0.746338923482891,0.6590279139183362,1442.798206459391,531667.8250223792,1,25.658158218476846
17,17_0043,283,2000,0.064,0.3884341193759826,0.033428312711904384,0.7842008785242414,1608.453563683354,164404.23029472816,0,44.23617681625907
17,17_0044,283,2000,0.064,-0.752596036086639,0.6482193349014225,0.2141132013603374,1334.569647569031,536329.3117517609,1,21.235522913123866
17,17_0045,283,2000,0.064,-0.9411807947536543,0.32941221611176796,0.10545026858648898,1339.5667264660376,399021.6362717105,1,20.365109869592803
17,17_0046,283,2000,0.064,-0.5613087283620466,0.7061307547303153,0.39696674619005334,1394.622697029651,531650.4495108189,1,19.48620354931162
17,17_0047,283,2000,0.064,-0.7006215510437384,0.3834496792194131,0.48448056071304657,1442.70324239596,406900.5449001047,1,24.88213806164936
17,17_0048,283,2000,0.064,-0.389870367077217,0.35897261378309386,0.8315650684256375,1595.949321553816,354390.4359355225,2,34.46438905782881
17,17_0049,283,2000,0.064,-0.6248177623590421,0.618809928972935,0.4213387310253851,1422.9814525204586,493651.4553841532,1,21.925427731818328
17,17_0050,283,2000,0.064,-0.718025319206679,0.41092952752865664,0.44859422529566007,1393.7235394496192,382679.1430240047,1,25.273377605802434
17,17_0051,283,2000,0.064,-0.8980859492251749,0.9297664996274883,-0.44611891754628274,1037.9508068867951,732141.7157013352,1,14.419461201593052
17,17_0052,283,2000,0.064,0.15183855264553214,0.8455446425540043,0.4860475850380853,1376.45408526299,624236.2843013672,1,22.991158471865177
17,17_0053,283,2000,0.064,0.3857059097925162,0.296053727808011,0.8482953859677165,1600.08502402163,250768.7313162662,0,41.34214030330182
17,17_0054,283,2000,0.064,-0.38867474577791383,0.2147219425856337,0.8472093934340155,1610.552560712797,225171.8223701765,0,44.31885688109703
17,17_0055,283,2000,0.064,-0.2745872816402193,0.6878868655934522,0.6592109499389323,1479.2517258545745,465883.6740019588,1,27.5541295349428
17,17_0056,283,2000,0.064,-0.1722415033673288,0.28696393661233455,0.9684417467186196,1636.3434221245607,264304.7084463275,0,46.51761172740058
17,17_0057,283,2000,0.064,-0.8829194274572312,0.8376795120075803,-0.2575636134208066,1146.2636782210698,701442.7850145578,1,17.063062441986833
17,17_0058,283,2000,0.064,0.8821483404933801,0.1419121033295362,0.20564407227599368,1381.09785414351,303476.19604969234,2,28.311819990947214
17,17_0059,283,2000,0.064,0.6282623215312553,0.5102872691763625,0.511515572997738,1422.9691506222994,483524.74275420996,1,24.997077469220944
17,17_0060,283,2000,0.064,-0.6999524057803663,0.5249490457332999,0.40543413448704935,1402.463187502343,446735.90200741886,1,22.607110050864797
17,17_0061,283,2000,0.064,0.9167056263008366,0.9030957546587897,-0.4307077724242512,1080.169408948919,716425.5974181878,1,15.361514538268176
17,17_0062,283,2000,0.064,0.945671896636074,0.7683172348427827,-0.2661330605648726,1133.8652075347718,662702.4136615742,1,15.85049906289804
17,17_0063,283,2000,0.064,0.7145605326989695,0.5611764211639523,0.35538142491740043,1366.423518846334,502400.6759704723,1,23.828018416467103
17,17_0064,283,2000,0.064,-0.321785895563959,0.13532564261526192,0.878252857150907,1590.9632028701765,181054.4584172665,0,44.38496252739527
17,17_0065,283,2000,0.064,0.7954614726074496,0.27805846905115095,0.36615138790100177,1429.678619165433,340345.791892393,2,28.676201987634997
17,17_0066,283,2000,0.064,0.6306854594584252,0.8400843726481325,0.12029873448925121,1213.641462513359,649487.4188328185,1,19.025695895318663
17,17_0067,283,2000,0.064,-0.27715641488270926,0.0022585786000076657,0.8382351010979607,1640.3765725855558,148881.73280093182,0,44.60463889002823
17,17_0068,283,2000,0.064,0.2511659490768776,0.19528747947313718,0.9327724689275606,1626.5776314476689,255910.87277686593,0,49.098440444863236
17,17_0069,283,2000,0.064,-0.02578350632201709,0.3870158797873662,0.9733513335506616,1632.63308477534,348506.23525110964,0,43.355888040102386
17,17_0070,283,2000,0.064,-0.2703322825530339,0.5646309319752953,0.789906445444763,1531.5314391490358,432047.28750079457,2,33.79244277989172
17,17_0071,283,2000,0.064,-0.015823029892006568,0.08350091542592819,0.9613801574495987,1673.7135608239284,185646.04665060242,0,44.96996618318225
17,17_0072,283,2000,0.064,-0.08443411957296099,0.9311523354664637,0.35069993950533984,1363.2605516462677,701370.3700313017,1,19.85855441024549
17,17_0073,283,2000,0.064,0.38436779728798576,0.39322665960100844,0.8238684884211817,1568.7848089596532,338044.83949678316,1,29.008740050573213
17,17_0074,283,2000,0.064,0.1773053039846193,0.5771374404509629,0.8204397773521988,1538.040877470634,410452.9381720247,1,29.466380309129775
17,17_0075,283,2000,0.064,-0.5339215588028341,0.5441091147216865,0.5952043484747916,1469.1884176338397,462287.0697940002,1,26.327571476925467
17,17_0076,283,2000,0.064,-0.17411293953418805,0.12561116946261086,0.9482693470376855,1658.4155572503175,188251.9653821309,0,45.806962155606975
17,17_0077,283,2000,0.064,-0.10174775292614147,0.9846939348612198,0.24255372291031152,1311.1141282998435,697811.1259882521,1,17.45690401068927
17,17_0078,283,2000,0.064,0.978135026821465,0.21049308977170567,0.041091598085890246,1288.7806695967706,301982.68718869827,2,26.712047397052967
17,17_0079,283,2000,0.064,0.6373230472853157,0.9395749876022444,-0.06433106594586513,1180.140375120151,737727.9837520897,2,18.79519935597393
17,17_0080,283,2000,0.064,-0.869804490478947,0.26454652801742706,0.2431472743255496,1421.4814364282088,325934.4238002759,1,25.466882990302103
17,17_0081,283,2000,0.064,0.05799386223472025,0.4521197924273457,0.9400935832360092,1616.9557096599399,372048.3762483505,0,42.937864841270645
17,17_0082,283,2000,0.064,0.4514389462007078,0.6991817704927987,0.5169443824302944,1419.1421775287522,523153.4385838643,1,23.01676107723124
17,17_0083,283,2000,0.064,0.20438984146436323,0.2959166054048117,0.9553066824613266,1628.5540677232393,292596.99698890944,2,37.77619218212817
17,17_0084,283,2000,0.064,0.8754138842875276,0.5823701518180548,0.08075099096194238,1252.229502319006,504563.94387863064,1,19.683972343814077
17,17_0085,283,2000,0.064,0.15748959823721398,0.7104994966484048,0.6816886715495942,1515.4015983617528,504829.6469071354,1,28.217151158016872
17,17_0086,283,2000,0.064,0.39702873573564124,0.6087850893877641,0.6641996842223232,1472.0977920577202,455654.62246639386,1,28.164542500894125
17,17_0087,283,2000,0.064,0.6485180199095473,0.25840840856731295,0.5793265213340743,1509.67760786994,314684.12428871746,2,32.80437953250348
17,17_0088,283,2000,0.064,-0.3530731511698222,0.2825960780410143,0.8738687557311007,1600.1360091237864,274138.8464003829,2,34.91793903939845
17,17_0089,283,2000,0.064,0.16713064380012632,0.25571175360187537,0.9720221933988604,1643.2227208274337,251252.77517044623,0,46.314191783457076
17,17_0090,283,2000,0.064,0.0411217483785522,0.5741368068116216,0.8528907740870599,1553.0046901442981,386428.52917301643,2,38.48236211002696
17,17_0091,283,2000,0.064,-0.5705194810255769,0.24118331022530115,0.6743999314331669,1515.7662440262204,278002.5437747765,2,33.387475710141985
17,17_0092,283,2000,0.064,-0.5553096377724687,0.38138995736807957,0.6677373364431193,1524.5082897969155,347069.1048793454,1,31.042673336100403
17,17_0093,283,2000,0.064,-0.21428169628603855,0.9646774979390604,0.24714366458773185,1285.8570666854366,701406.3032977913,1,17.595272074806836
17,17_0094,283,2000,0.064,0.7867476176318207,0.6255052154151076,0.18586670960539997,1300.2788789865401,529825.9854308963,1,20.49869527641777
17,17_0095,283,2000,0.064,0.5106439706689685,0.5095675177616621,0.6459897299918161,1484.9443109408098,421481.4677819491,1,31.46857264983243
17,17_0096,283,2000,0.064,0.2479222461100712,0.8016748038158823,0.5172956821463086,1402.0876702017633,618417.7019798011,1,24.116210357987356
17,17_0097,283,2000,0.064,0.8078438648227719,0.5191485865855878,0.24712398327094798,1376.2724270067802,487678.4821606409,1,22.160532946484356
17,17_0098,283,2000,0.064,0.961806136254105,0.2591465157102051,0.0748131656070129,1306.5572375205913,346864.2927751909,2,27.169262757672882
17,17_0099,283,2000,0.064,-0.3299065373504846,0.6373997593399358,0.6834404675661605,1465.536080666913,461863.0122106341,1,28.309874877031433
17,17_0100,283,2000,0.064,0.21427239004201803,0.23710385179892302,0.9538571551308381,1617.2907679371272,281645.64363519516,0,47.044865817947475
17,17_0101,283,2000,0.064,0.6239346441769669,0.3105803825773188,0.6056259988916589,1514.338851048891,342126.62190287776,1,28.313219046256123
17,17_0102,283,2000,0.064,-0.7248917648508577,0.6980967083494118,0.1966209811080486,1318.4710198962312,568713.3728556207,1,21.514710349360875
17,17_0103,283,2000,0.064,-0.5823621314291425,0.9238750391204216,0.032331761926372216,1200.1241821028677,692738.3837196714,2,21.01762417370012
17,17_0104,283,2000,0.064,0.04009862398817665,0.6684219163313505,0.7560711314042207,1470.4098073963846,476661.6353823694,1,23.769091046085123
17,17_0105,283,2000,0.064,-0.27090630247911407,0.9438679297519796,0.2602392507950212,1325.2295242170344,681896.4043438897,1,19.921822306873825
17,17_0106,283,2000,0.064,-0.8953954996368017,0.39465718961289675,0.16930398918628475,1341.5637871200938,396250.7881595035,1,24.360852132494927
17,17_0107,283,2000,0.064,-0.5990116951276883,0.7668481929079557,0.27145204167849646,1311.2609506512172,610318.3655011315,1,21.121321443663277
17,17_0108,283,2000,0.064,0.8793058415964508,0.6659177800006375,-0.012607966831260198,1221.3215168157435,575400.9338050254,2,25.254056643299112
17,17_0109,283,2000,0.064,-0.30139036112461093,0.487517360565626,0.8310815020273198,1563.6730450606071,431944.16496123536,2,34.48490360294707
17,17_0110,283,2000,0.064,-0.257056619663933,0.4224829268287844,0.8927449253631821,1638.7158991473616,335809.58321350225,0,46.35150746794216
17,17_0111,283,2000,0.064,0.18641514566940232,0.3933439924003156,0.9368099468806101,1606.719271422984,352210.79097981524,2,37.524681846584926
17,17_0112,283,2000,0.064,0.829878023541105,0.3493580457446336,0.29763876880587226,1470.1170844472445,387240.7879701879,1,21.784360919554878
17,17_0113,283,2000,0.064,-0.16987839676771022,0.6736455366162152,0.7227322774468007,1488.7768279070917,492727.9838728905,1,29.38443790700433
17,17_0114,283,2000,0.064,-0.21377343398162152,0.21917413965322596,0.9529857166176585,1661.3414569158417,241807.4126956198,0,47.481881118456215
17,17_0115,283,2000,0.064,0.3346880476078946,0.3707378796850713,0.8678072525311883,1570.1028999810492,324879.1343632625,2,35.57907797389722
17,17_0116,283,2000,0.064,-0.3833903865098467,0.20472194254104326,0.8501742994387417,1590.9779242323511,256684.6343376214,0,42.96503413519004
17,17_0117,283,2000,0.064,-0.14280493288872598,0.03654219907956646,0.9165420691028022,1662.2037749611568,144465.0326110742,0,49.23377025290657
17,17_0118,283,2000,0.064,-0.571624747124994,0.6993686798620454,0.39375419976707904,1407.6498224846796,556010.7102396364,1,21.550130764121455
17,17_0119,283,2000,0.064,0.2796868002456634,0.080280326995945,0.8819071035889605,1607.149967041551,193344.1389692574,0,44.59172126614937
17,17_0120,283,2000,0.064,-0.7809505414358551,0.40026855214859236,0.35886277395584176,1435.1174697182555,404130.7275160625,1,24.97033557991464
17,17_0121,283,2000,0.064,-0.2904127855212355,0.8319822742026011,0.4468668257898363,1381.4806269799124,599024.7991577663,1,23.540421865481047
17,17_0122,283,2000,0.064,-0.8985028583500274,0.9039201481982159,-0.3991572968016839,1075.635650711198,705661.2021823738,1,16.70383419764108
17,17_0123,283,2000,0.064,0.5922342010967467,0.6746691812557738,0.39964769809842715,1351.4003990296092,526577.233104993,1,22.351856537835708
17,17_0124,283,2000,0.064,-0.030766121810967828,0.37289182595646686,0.9781504687426026,1639.0835039787814,360865.02932261064,2,37.179684585231946
17,17_0125,283,2000,0.064,-0.33134827551174495,0.11704927084762373,0.86574341182799,1608.0832477389313,186710.2795627347,0,45.56557226419483
17,17_0126,283,2000,0.064,0.27135205094458104,0.5764480197202222,0.7788686740270558,1506.0243491537942,425192.2665347445,1,28.73829296650546
17,17_0127,283,2000,0.064,-0.0066157310896937105,0.5663533783813035,0.8614379483467659,1528.619080276423,433896.5215877104,1,29.725856817947705
17,17_0128,283,2000,0.064,0.946708145148073,0.5827309566809797,-0.049487993105400196,1218.703809339767,538029.7217793486,2,24.175844301302796
17,17_0129,283,2000,0.064,-0.1045803914942256,0.7014011293817086,0.7070380564455967,1479.471899689283,530616.6045488538,1,27.09708613757939
17,17_0130,283,2000,0.064,0.9652895046733161,0.7957547867868081,-0.3440305922625104,1112.476451702428,668142.1867912726,1,17.39415371711009
17,17_0131,283,2000,0.064,0.864828127290665,0.8253103794941006,-0.20603430948130863,1149.1614575657595,639286.1753041815,1,15.634570307079645
17,17_0132,283,2000,0.064,0.37150408185643036,0.5001622862510787,0.77536718157596,1535.6755067395907,412880.4453465635,1,27.209670129086703
17,17_0133,283,2000,0.064,0.8862886147830313,0.8568223353769442,-0.2951730404757942,1099.2205525132497,703163.5923604693,1,14.329710781814766
17,17_0134,283,2000,0.064,0.31162901526643205,0.9666942441029371,0.19195221562569265,1314.0563521374515,710772.1090403115,1,19.283067258519658
17,17_0135,283,2000,0.064,0.9281799493193315,0.5923976724918149,-0.02378260811471633,1250.035631779669,536121.7120402973,2,23.670498865567623
17,17_0136,283,2000,0.064,0.5261450381277242,0.784016000956908,0.3284681610985467,1342.3090244258444,579135.8869150438,1,22.318642730543694
17,17_0137,283,2000,0.064,0.5282727990840412,0.307792007615565,0.716305128441009,1521.1431970176216,318743.127082643,1,29.839995645097204
17,17_0138,283,2000,0.064,-0.1321475863794721,0.6800476495692706,0.7265633394278459,1477.305022401165,522046.35397258005,1,26.188994828661073
17,17_0139,283,2000,0.064,-0.6042887184285168,0.07893967570320448,0.5943346125329274,1552.1277528384767,204491.57480936832,0,43.43646035025496
17,17_0140,283,2000,0.064,0.8384653926055408,0.6555200751114227,0.06936812959885863,1278.455147734114,518241.64817541314,2,24.285753855578932
17,17_0141,283,2000,0.064,-0.2205570042031042,0.5031338927912408,0.8626670401742565,1574.0907943850425,420547.1068917179,2,34.581937142693974
17,17_0142,283,2000,0.064,-0.16697326264822432,0.02555976663542936,0.9023989353007553,1649.3105664258544,206111.53410110588,0,47.948799741727775
17,17_0143,283,2000,0.064,-0.4393789139297337,0.8107048838416246,0.37180434748340896,1353.9105869735254,610911.2105993395,1,22.430139093207487
17,17_0144,283,2000,0.064,0.5472995491589607,0.8381760147620776,0.22163825630507006,1300.7451230494596,639913.6907538361,1,18.15137546673105
17,17_0145,283,2000,0.064,-0.5859487986468817,0.9317022663401231,0.01345572864004052,1229.6336661000203,689166.2454568077,2,20.919778731998676
17,17_0146,283,2000,0.064,-0.6809521322080412,0.9143276242873128,-0.07453482696936975,1174.0643186437853,691660.1537320544,2,20.583527853240362
17,17_0147,283,2000,0.064,-0.6761272932432207,0.5987384356281452,0.3745217843912968,1374.6129975663698,501745.19702837506,1,21.12697627617811
17,17_0148,283,2000,0.064,0.892630854735901,0.860170156349167,-0.3120945067700287,1127.458340431893,679650.6959889694,1,14.562946375698374
17,17_0149,283,2000,0.064,-0.21194243963229198,0.5622275546215668,0.8201516190786106,1530.796451562473,415455.2736800421,1,30.368055993413204
17,17_0150,283,2000,0.064,0.23499786363700115,0.36568320338700466,0.9262533694204689,1618.22776456169,332654.6380005147,2,34.173827195210826
17,17_0151,283,2000,0.064,0.6417333828458283,0.6948596195427844,0.3142681184903833,1364.839321010167,540126.9765170993,1,20.85713564330699
17,17_0152,283,2000,0.064,0.8645588951061733,0.7392352970826587,-0.0787439874830651,1255.992757237792,650751.0199893761,2,23.778830728794563
17,17_0153,283,2000,0.064,-0.4858599039055036,0.18263399299945715,0.7576589373074577,1568.6910189321527,212980.75192407667,2,38.12288454302229
17,17_0154,283,2000,0.064,0.008609758935547385,0.7459357839217814,0.6595074612910553,1456.9413038496762,499094.23413403495,1,24.270448158520956
17,17_0155,283,2000,0.064,0.29929781442349035,0.799164362078251,0.4930069821888481,1375.468651416717,583548.5846858122,1,24.879010135831575
17,17_0156,283,2000,0.064,0.4740438246510663,0.2999664324968345,0.7718268891593784,1513.7405951363444,257613.59368592096,1,34.16715011498804
17,17_0157,283,2000,0.064,-0.16899507513639977,0.3679228300368189,0.9521938910932862,1610.4981437684296,334713.50995880814,0,45.59885861919687
17,17_0158,283,2000,0.064,0.25580716149435245,0.9436944983249147,0.26852524698459657,1297.5666417257814,679361.141897708,1,20.407882708529087
17,17_0159,283,2000,0.064,-0.9548453541102082,0.2600132796528968,0.0881315735827225,1354.6737085189761,346329.6415636371,1,19.040409079621462
17,17_0160,283,2000,0.064,0.06877096011654804,0.0018748478732528717,0.9100579721824732,1684.1119221032045,99232.5850531813,0,49.865321629399304
17,17_0161,283,2000,0.064,-0.02764541302233181,0.6374027104961889,0.7915113572982795,1534.525429495966,471740.3905927222,1,29.274092120280176
17,17_0162,283,2000,0.064,-0.8460244549339822,0.7728282365291851,-0.09409559967813053,1186.8666435041462,619809.2143720129,1,17.97765236466498
17,17_0163,283,2000,0.064,0.07267727277468561,0.05059441289910327,0.9396832899153857,1660.1409901149125,136954.5618985273,0,46.846761372516
17,17_0164,283,2000,0.064,-0.5552737941190939,0.7452093619002335,0.3522491282861966,1364.149392893426,578517.9614526555,1,23.111367831847897
17,17_0165,283,2000,0.064,0.2856205085774348,0.06980609937123061,0.8734799675383609,1644.8671274987212,174301.39448262105,0,47.338361894730845
17,17_0166,283,2000,0.064,-0.6439221832734761,0.7265879062171671,0.2709890906046337,1348.1127349945416,558630.0634599099,1,21.001691879712197
17,17_0167,283,2000,0.064,-0.3138366329078712,0.04928774638572142,0.8457482166327006,1623.2068461294416,161088.82755478515,0,47.924647327586655
17,17_0168,283,2000,0.064,0.01731868704558326,0.5169779889596,0.9010464345822526,1581.6060949536304,399376.43187648314,1,32.62294686309031
17,17_0169,283,2000,0.064,-0.47936628868380216,0.39238296582931487,0.742148571711785,1525.9786341285876,347017.1948181799,1,30.843988309667868
17,17_0170,283,2000,0.064,-0.8852017483588808,0.31939348815736834,0.20975287342397686,1381.9759417330802,365445.9831487354,1,24.95353679787641
17,17_0171,283,2000,0.064,-0.07946131172789439,0.6448635668524492,0.7778834965787058,1536.4014678183578,488492.41794324265,1,29.320549522801524
17,17_0172,283,2000,0.064,-0.31236023119837975,0.2079720698064753,0.8999863151472147,1638.701699714349,232296.91928306088,0,46.65334443633444
17,17_0173,283,2000,0.064,-0.4548902538052786,0.27862157425363965,0.7919410237573199,1585.9629062301904,277287.8469911519,0,44.61592189950641
17,17_0174,283,2000,0.064,-0.08624478503031141,0.688814097199162,0.7260458344243272,1471.9418216453698,495258.81066765555,1,28.430713641216425
17,17_0175,283,2000,0.064,0.9709882515511694,0.18228534899061677,0.05083541540313574,1323.5834273072592,325779.78889538295,2,25.769537857103376
17,17_0176,283,2000,0.064,0.5523916575198506,0.6937215720931722,0.4223529604521796,1396.0298412532627,500462.5312849957,1,26.87838934118262
17,17_0177,283,2000,0.064,-0.5075295146325847,0.12743076093853856,0.7216204099579817,1560.0987435120262,221970.99865897238,0,45.59476541535301
17,17_0178,283,2000,0.064,0.011982267621720055,0.32663313242842196,0.9917282079812684,1632.9057837263035,285641.00993659144,0,43.604595327887594
17,17_0179,283,2000,0.064,-0.7005559014070797,0.35850562724901813,0.49292596721173776,1466.0181227999433,372195.1639865688,1,25.89617196979824
17,17_0180,283,2000,0.064,-0.5799867843755462,0.3436710812847671,0.6514710095773159,1543.8832823138248,351293.33227921237,2,33.74106383283862
17,17_0181,283,2000,0.064,-0.9290825461021222,0.35017901802786733,0.12291519255880956,1305.8128680770405,392293.9904484914,1,19.367144873020045
17,17_0182,283,2000,0.064,-0.9921130182287776,0.02674787298184511,-0.053273032936427045,1282.0377166087474,239797.65957216386,2,26.077573545461252
17,17_0183,283,2000,0.064,0.6052916759907954,0.4929620689458105,0.5519187801299857,1421.6501449577781,419854.8721488885,1,26.981162163727184
17,17_0184,283,2000,0.064,0.9804815477106161,0.35921468601454587,0.022146802915595676,1291.8492960448139,397061.1000087535,2,24.81615700998994
17,17_0185,283,2000,0.064,-0.2432247974951971,0.4804494142867909,0.867337292976673,1569.368918292807,393114.11514971,1,31.591223541926027
17,17_0186,283,2000,0.064,0.5699217282413227,0.6395366324076963,0.46517013995866097,1415.4218388933502,490231.42416330666,1,27.497117633599483
17,17_0187,283,2000,0.064,0.13467733369091617,0.4014826777231747,0.950101459872697,1628.8241855907827,316847.67469970457,2,38.86239635100214
17,17_0188,283,2000,0.064,0.44538864051905946,0.4139145543927536,0.7644414417453385,1535.5629918952748,402640.6488994137,1,31.87533214875196
17,17_0189,283,2000,0.064,-0.4600225253016832,0.16608171898209156,0.7786321787908399,1573.831638545745,252528.74444216635,2,34.634473494751695
17,17_0190,283,2000,0.064,-0.4601616939464872,0.6655206459463567,0.5492790255174793,1437.144208661868,496464.71105076623,1,27.040719225143942
17,17_0191,283,2000,0.064,0.13013556650842584,0.07906717146360775,0.9426245518084907,1623.6110366392538,155861.51234138085,0,47.4103358988044
17,17_0192,283,2000,0.064,0.35152751537108284,0.17961760169515328,0.8695720986828572,1588.8452349364704,240452.78811755514,0,43.91183948838455
17,17_0193,283,2000,0.064,0.19192358166764123,0.15710190273845337,0.9512206239558285,1605.3703190548315,212563.47294435464,0,49.26775504757187
17,17_0194,283,2000,0.064,0.2321078857570833,0.6592643070226565,0.7142957937254526,1478.4623850335804,462839.85342457774,1,29.6284880922979
17,17_0195,283,2000,0.064,-0.33840356107056535,0.744340259012654,0.5472514842759395,1443.6678683632601,501070.8144410994,1,24.067795313745656
17,17_0196,283,2000,0.064,-0.7286916839285,0.4088472331174553,0.4340846325844212,1427.3885315580549,386020.7626981628,1,26.193952507723356
17,17_0197,283,2000,0.064,0.5638585115754318,0.5498364621776702,0.5576318778149816,1464.5757473700187,464177.51418039226,1,25.800259510515865
17,17_0198,283,2000,0.064,0.6460337657466435,0.9922164428009369,-0.17983055792295732,1181.4373755159713,715808.1776979726,1,14.627112783461326
17,17_0199,283,2000,0.064,0.7268675121117416,0.7924726655587772,0.06436037709815512,1244.7625889867304,610885.3202707748,2,22.64359535343641
17,17_0200,283,2000,0.064,0.28010461840727285,0.7378045378143421,0.5921943202385923,1447.2246642658226,538538.9693130447,1,27.338186148869152
17,17_0201,283,2000,0.064,-0.6427427621075155,0.9503398471800862,-0.0919776375471022,1159.085669588008,728214.5341986754,1,14.120272120321475
17,17_0202,283,2000,0.064,-0.21978057508856108,0.08160943150238686,0.9124502931958184,1640.534581572867,207989.44938517924,0,47.92131205785706
17,17_0203,283,2000,0.064,-0.6419049017045342,0.1373964493152765,0.5704085336703815,1514.8390694399884,253387.20596908356,0,40.568785522698306
17,17_0204,283,2000,0.064,0.6187029060364901,0.5914773410703692,0.455813254595581,1404.2312897348866,441952.70354672585,1,24.448579669734677
17,17_0205,283,2000,0.064,-0.7292063765900847,0.597477596656598,0.3011429320659714,1351.924866027786,491747.4656948285,1,24.671502770583825
17,17_0206,283,2000,0.064,-0.4935687137933966,0.20688293090106702,0.7538168013765367,1542.4423591508373,259344.38374607186,0,41.4605415893063
17,17_0207,283,2000,0.064,-0.8648931365346602,0.4729790851720672,0.18314370677084735,1327.3300764712712,452548.35773198307,1,22.44449908855401
17,17_0208,283,2000,0.064,0.09890793392620201,0.874754782339086,0.44998394994131685,1377.9847256456069,616069.0170057634,1,22.083259800165237
17,17_0209,283,2000,0.064,0.7593262763591269,0.6904141716771217,0.15496043286235417,1300.3549555656125,588369.4308970227,1,19.327061078678312
17,17_0210,283,2000,0.064,-0.9506491771341454,0.49970185969628356,0.00996715414457705,1283.8221797659016,470824.1704958735,2,24.56614803153744
17,17_0211,283,2000,0.064,-0.9278788890071914,0.7835892709655194,-0.2550319109898074,1171.9915280766686,645272.437988301,1,17.28277169297609
17,17_0212,283,2000,0.064,-0.7604983455855621,0.2388909502344665,0.4214714553073765,1438.743161323289,317640.8726095632,2,30.640182731854882
17,17_0213,283,2000,0.064,0.8029407995843203,0.7838936148156058,-0.03923626942378533,1235.7783795573969,637196.8621194887,2,21.538501451839593
17,17_0214,283,2000,0.064,0.6270506228691413,0.44288637020362664,0.5553124965527362,1440.7953233492253,370135.90172471537,1,28.840618361940525
17,17_0215,283,2000,0.064,-0.18878700083695343,0.43130433111997424,0.9188629140134501,1592.8751410641237,363722.4366263952,2,35.67969907345671
17,17_0216,283,2000,0.064,0.4947341405326029,0.4102789884141841,0.7196819307076271,1553.5544321966738,363489.82130589883,2,35.94677636126119
17,17_0217,283,2000,0.064,-0.060402984908605406,0.7487314777103389,0.6520842311661885,1493.803843140927,538777.5482660439,1,29.524542343687344
17,17_0218,283,2000,0.064,-0.4374927716168422,0.14135033381518924,0.7922613205102512,1606.8019804162666,233995.09059699648,0,43.588675530640714
17,17_0219,283,2000,0.064,-0.9643815700606588,0.4372615757381064,0.021432688714302484,1295.7067398762579,444528.6116050792,2,24.481060033747433
17,17_0220,283,2000,0.064,0.5718530676670779,0.695376055663464,0.39843759016467284,1399.1666341717046,566138.3495500935,1,23.53483247005655
17,17_0221,283,2000,0.064,-0.40974797903079585,0.5011468399329609,0.7448059221115801,1497.3625372798035,378560.8807331106,1,25.99715297081718
17,17_0222,283,2000,0.064,0.3463308579360733,0.6505450568559148,0.6579977152887263,1478.9845725603618,444168.0405137281,1,27.34035999476268
17,17_0223,283,2000,0.064,0.4126977814696886,0.5573862210106958,0.6989036707655178,1522.3558985348964,427704.6952752969,1,29.8625611315844
17,17_0224,283,2000,0.064,0.8258556168161502,0.5343466402890507,0.20605521734460608,1363.7091403184213,475978.95483233663,1,20.495052332654033
17,17_0225,283,2000,0.064,-0.4037619488639701,0.07817593304469939,0.7961132990508704,1605.3042952267338,190609.22284584615,0,45.16822008729491
17,17_0226,283,2000,0.064,0.06498561882366594,0.569554036216842,0.8544415308513305,1553.9969081105712,397902.72046740993,2,32.6894371358927
17,17_0227,283,2000,0.064,-0.4380438963405302,0.9767617378164721,0.07706893096321021,1243.1144328159182,711905.4661617433,2,22.683616649610283
17,17_0228,283,2000,0.064,-0.7173238141326841,0.3654307668999135,0.46700466063024626,1440.4774343756267,373016.98006820073,1,28.47103010158419
17,17_0229,283,2000,0.064,0.945950201763206,0.6422784041590643,-0.10780773074814398,1181.2215894649019,590817.6766565482,1,18.14066087208791
17,17_0230,283,2000,0.064,-0.9822396134671023,0.7054532209394645,-0.2519055737852933,1178.7551665576143,629578.0617813839,1,16.60643177846146
17,17_0231,283,2000,0.064,-0.10251720170863599,0.6841519369858398,0.7286073107053097,1496.4515769167183,490690.25904570404,1,30.105833653546828
17,17_0232,283,2000,0.064,0.3012701441637087,0.3919255072461312,0.881356923616794,1595.812523925436,346059.0412163584,2,39.07582601371311
17,17_0233,283,2000,0.064,0.817238739509278,0.48550144034292264,0.2553583119828766,1393.6429179830911,436733.6564682819,1,20.725145694408553
17,17_0234,283,2000,0.064,-0.953554889685915,0.07913202970064925,0.050323573014601775,1350.424394074896,271433.59255026426,2,27.060327407570142
17,17_0235,283,2000,0.064,-0.07513217473649414,0.2888529203115734,0.9922658145660951,1644.0640420097948,287690.0748283521,0,47.338470847991765
17,17_0236,283,2000,0.064,-0.7781337351035522,0.1393103276415305,0.37754982307327534,1419.507376676758,289025.113099238,2,28.442499125190757
17,17_0237,283,2000,0.064,-0.4703825253653324,0.40868165089961017,0.743889253765568,1508.577336136717,368968.2040563453,2,32.76020703560781
17,17_0238,283,2000,0.064,0.8392801452525793,0.7866956988617501,-0.10306558875733907,1222.7829274117844,654210.0532531603,1,13.181411967142761
17,17_0239,283,2000,0.064,-0.9334368602406984,0.8348396761435622,-0.3447126029095866,1131.1956360006886,689650.0785576142,1,15.591413512587199
17,17_0240,283,2000,0.064,-0.6098392017576404,0.6031302251782144,0.4554996691976436,1391.4424326347817,503366.17669264844,1,22.401286138406682
17,17_0241,283,2000,0.064,-0.567523401394256,0.32168790885933474,0.670804169801902,1515.8928870800019,299348.0407314868,1,29.271121800359325
17,17_0242,283,2000,0.064,0.6370347805089231,0.6881478015409555,0.32847942752897574,1349.3220322169623,529467.1357177845,1,24.51718993280537
17,17_0243,283,2000,0.064,-0.7651662235831738,0.20734628450500703,0.4120025334078413,1444.2450364576712,270306.4256529493,2,29.54080489375264
17,17_0244,283,2000,0.064,0.05327501987440053,0.424497890691106,0.955017116401818,1600.6704185745834,343817.66383213137,2,39.52225314223012
17,17_0245,283,2000,0.064,0.19990502522468434,0.46162436618934644,0.8980519983777486,1583.07167610793,358531.18401095615,1,30.42789457058505
17,17_0246,283,2000,0.064,0.04039086726703456,0.48037001564411563,0.9249148143703163,1568.6712669863714,390419.42008089914,1,33.12272299848931
17,17_0247,283,2000,0.064,-0.1018137272776245,0.8111746910291375,0.5537626378075289,1421.6175222989702,561457.6753596746,1,22.336887288411464
17,17_0248,283,2000,0.064,-0.050948810394906285,0.4336638024692425,0.9507157864183599,1640.5605899136635,354051.33951106865,2,33.989243601924024
17,17_0249,283,2000,0.064,0.7024426161387416,0.6092001599261084,0.3279933954045593,1384.651888365036,469356.11389081803,1,23.840007128661593
18,18_0000,157,1111,0.064,0.9169556281869113,0.2571971809245863,0.15912068124671186,1363.414745079396,339377.2856750838,1,21.025173879692623
18,18_0001,157,1111,0.064,0.46837604373811503,0.41981982859534284,0.7407086232658623,1553.932845045243,358015.3804526632,2,35.44882146558583
18,18_0002,157,1111,0.064,0.25050201537568406,0.31566797237617406,0.9312801830664258,1609.357908916061,266835.82431363687,2,35.71274229250662
18,18_0003,157,1111,0.064,0.3516780240705033,0.04984354403454139,0.8208725924866934,1640.7819173228047,179855.12375045833,0,47.62930269608832
18,18_0004,157,1111,0.064,-0.774319313365289,0.3455819525117757,0.3877847433080356,1371.0083787162976,348503.06947813946,1,27.68402150591999
18,18_0005,157,1111,0.064,0.8288523112652677,0.4615576585625554,0.25105693552687325,1315.1070787623921,414247.1234520047,1,24.563099720558874
18,18_0006,157,1111,0.064,0.7316585750649833,0.6786456021965513,0.21036839073464741,1292.3631817904497,551473.3426607894,1,18.124152327636516
18,18_0007,157,1111,0.064,-0.750785669111238,0.16253318821690566,0.42573203038798757,1477.4447321220096,251026.40505006918,0,39.65869640846683
18,18_0008,157,1111,0.064,-0.6796450166664998,0.9026081094988033,-0.0513946422209246,1169.8418972921252,710089.6570427762,2,20.620813109455096
18,18_0009,157,1111,0.064,-0.9276208447588499,0.4270214819009781,0.09614710462573828,1286.9991991479114,426284.55921865464,1,20.71940694000793
18,18_0010,157,1111,0.064,0.9700917513704359,0.7460486256706017,-0.28165134729452745,1171.9933639106343,618308.9654504447,1,14.254068140247455
18,18_0011,157,1111,0.064,-0.41490733198957996,0.5201780593343549,0.7268191255904536,1523.0307704273134,360261.520681058,1,29.76839870389675
18,18_0012,157,1111,0.064,-0.5094326183757905,0.29360810394156966,0.7378463426574454,1505.354591326231,269019.0026689372,0,44.59648189519759
18,18_0013,157,1111,0.064,-0.29544154074649787,0.02919660509258093,0.8452345185582328,1648.0271166276439,146154.09994713988,0,43.85319047303291
18,18_0014,157,1111,0.064,0.4902748373507704,0.9454745757416672,0.09017053472150349,1247.3097636504983,681720.7216428661,1,17.71170998954756
18,18_0015,157,1111,0.064,0.48791088154344386,0.9813953859016705,0.021542680296754102,1271.5118242648539,714157.2459944665,2,17.53105909288823
18,18_0016,157,1111,0.064,-0.34437311399609816,0.33361960949254366,0.8717293187833632,1571.6697898414775,288155.1752342052,2,39.082246834015486
18,18_0017,157,1111,0.064,0.5501395561798348,0.7816764912073332,0.30609402401685437,1341.94686830306,563611.0868691968,1,22.245809878638102
18,18_0018,157,1111,0.064,0.8186773782441688,0.11596290016683253,0.30490099169148055,1428.7594936765338,266449.26187614474,2,31.115932061891364
18,18_0019,157,1111,0.064,0.9220408171688406,0.29540715832415443,0.14698701517416712,1356.949606546184,349937.25452469,1,24.531598154194057
18,18_0020,157,1111,0.064,-0.058309012801651905,0.36447505977699735,0.9784622883535057,1661.1747283769153,271586.9151037638,2,36.85984455344573
18,18_0021,157,1111,0.064,0.40984729937403985,0.7779405987585303,0.44625179906083656,1414.6823794023107,537208.5868395423,1,23.78621236198773
18,18_0022,157,1111,0.064,-0.21609908981701653,0.4298830902215557,0.9085151264284835,1662.2955940149,348411.44663844706,0,42.602275938202716
18,18_0023,157,1111,0.064,-0.6984129667319652,0.7144532360072374,0.2136493508243993,1325.5765985790067,560837.1156368633,1,23.530760785107674
18,18_0024,157,1111,0.064,-0.8712297248419745,0.7568552768149742,-0.1146153118360207,1209.0279792292192,623665.2674664858,1,17.846928875158785
18,18_0025,157,1111,0.064,0.7120660444118769,0.04640356082916153,0.43558961615611436,1492.432295833975,213672.40180209733,2,30.053516383004343
18,18_0026,157,1111,0.064,-0.047195428774227555,0.17742954638101083,0.9904833586468087,1599.533058634861,215441.56080159152,0,46.32821792241615
18,18_0027,157,1111,0.064,-0.19098820166648944,0.0795307024808044,0.9233023561021408,1630.3639162152517,153518.74559095295,0,46.05412668666203
18,18_0028,157,1111,0.064,-0.6801856005476483,0.3923084907075046,0.5093175051710289,1495.8494641940079,353273.7919743092,1,25.830563212659026
18,18_0029,157,1111,0.064,0.5761149247609214,0.3684059285719429,0.6486867991134146,1478.587061576667,311129.31878157,1,30.509385587518228
18,18_0030,157,1111,0.064,0.6876099861903391,0.9280575959855684,-0.10915642525224678,1150.2732437282657,685593.898635338,1,15.759752664646312
18,18_0031,157,1111,0.064,-0.49194454769362195,0.5713565086274529,0.6150562981367652,1483.0476601945588,424905.7873837139,1,25.82802971824132
18,18_0032,157,1111,0.064,0.5533257778498852,0.09550413073219455,0.6607939418771103,1519.6569082309834,201110.6595261017,0,44.232660154207224
18,18_0033,157,1111,0.064,-0.06038636436122147,0.5301396017304439,0.8877331458813214,1568.2087000550412,410898.0866943698,2,33.53578867684198
18,18_0034,157,1111,0.064,0.24772928471083322,0.047174556515114596,0.8816915710124507,1628.7110023096282,134922.19236644352,0,43.936930356502316
18,18_0035,157,1111,0.064,-0.15853543280623827,0.5482577811469688,0.8517416666975849,1538.904644951366,413074.8588759831,1,30.008251799751232
18,18_0036,157,1111,0.064,0.6722508322370497,0.20023182252238636,0.5446506227234545,1495.6324657487621,245305.6430912728,0,42.424919978670985
18,18_0037,157,1111,0.064,0.396803191386758,0.022741463439172938,0.7710642619907251,1586.6085523886507,148132.06985413466,0,42.62320374239385
18,18_0038,157,1111,0.064,0.37213125929253876,0.31058823786894907,0.8564374475624505,1553.8217372244478,292963.89739675383,2,37.50906722343347
18,18_0039,157,1111,0.064,-0.4413624393105251,0.44697400232644147,0.7514984946156942,1538.1898726951467,369227.8528785889,1,29.13243182922962
18,18_0040,157,1111,0.064,0.40431399056496864,0.8165970468911625,0.3921949533714425,1375.876396213163,589030.4706176706,1,24.862332789355584
18,18_0041,157,1111,0.064,0.3943831427482061,0.968678201116461,0.1295853183631176,1241.6157061805063,709494.5801810472,1,17.246764762991496
18,18_0042,157,1111,0.064,-0.3288846052502814,0.1720621884171678,0.8834275773645623,1598.1894589165524,206140.20458434353,0,47.40897542388543
18,18_0043,157,1111,0.064,-0.04335122833154981,0.5146263262136441,0.9011973595484019,1584.9170946236607,372976.33537046966,1,31.502659737557934
18,18_0044,157,1111,0.064,0.2589991844041022,0.84484982383752,0.44316674023644775,1373.6048277973048,614191.7901074617,1,21.960122437125754
18,18_0045,157,1111,0.064,0.13006507481710572,0.8633361740209837,0.4624169692364215,1369.9624023619365,583564.9573624767,1,22.319890821429528
18,18_0046,157,1111,0.064,0.050329489833127905,0.463921644643847,0.9341278835643781,1587.5748365298175,315174.518934772,0,45.28478649466831
18,18_0047,157,1111,0.064,0.4038575773063311,0.6459985705779654,0.6198542573909572,1438.7699495644265,509747.6396871989,1,24.4791099390884
18,18_0048,157,1111,0.064,-0.1966937068829715,0.7368252636964233,0.633285513183927,1454.2273042015404,557088.4670889351,1,25.206764126239765
18,18_0049,157,1111,0.064,0.13722203594674665,0.20327922268890675,0.9781488934284114,1579.8759901986216,210903.7755709798,0,46.10987353172732
18,18_0050,157,1111,0.064,0.37733416689871047,0.8338635706729712,0.38578962661681915,1333.904668849367,636157.5557502197,1,23.610452095037843
18,18_0051,157,1111,0.064,0.5438508540089717,0.555576064202948,0.5749850984016509,1453.5710364145345,435554.26644810266,1,25.07516132316124
18,18_0052,157,1111,0.064,0.12614464628398903,0.9483200598458729,0.3091381773721662,1297.2816826291032,642834.9781365619,1,20.043988532633193
18,18_0053,157,1111,0.064,0.0853776750825237,0.5265957637875528,0.8868210795245346,1613.865499984121,346341.71366692457,1,31.322211891244386
18,18_0054,157,1111,0.064,0.6020540872619717,0.66737058001214,0.39642609945797735,1382.547548477959,513430.70575740736,1,24.259749340559814
18,18_0055,157,1111,0.064,0.17358851794750474,0.9733831967184781,0.24559955336461659,1295.8731094585032,668325.4022661556,1,19.354332760165885
18,18_0056,157,1111,0.064,0.9513556837958035,0.23561023459781505,0.09463576727159229,1356.4294251481542,312970.0248539532,1,23.23349764567092
18,18_0057,157,1111,0.064,0.3407297290744844,0.09700721129468914,0.85150630584825,1612.3034413850162,195442.12711654825,0,44.69370227974054
18,18_0058,157,1111,0.064,0.09449399761872779,0.7547261030154672,0.638477889168108,1488.4083195307887,501222.9135093959,1,24.08945958579548
18,18_0059,157,1111,0.064,0.99811886947005,0.6384099510316661,-0.20504721539206172,1156.1178201958853,554869.5837741417,1,17.770468884662083
18,18_0060,157,1111,0.064,0.9128052909548721,0.9046750477895155,-0.4264306870127925,1063.0242297872644,732988.8900111322,1,14.390667740560962
18,18_0061,157,1111,0.064,-0.8357641824209194,0.16079024065953773,0.29048317095103515,1384.1729077982923,240282.5661545698,1,22.815760882735212
18,18_0062,157,1111,0.064,0.381709164681326,0.6365282576827697,0.6475104402594918,1476.5511288202176,448752.76600442384,1,27.15635830766251
18,18_0063,157,1111,0.064,0.14081063329022214,0.18616246727567864,0.9745319079962421,1612.273680888643,178856.50020723237,0,47.98296754477907
18,18_0064,157,1111,0.064,-0.49942681373385267,0.8073889890261388,0.32056249774084045,1324.093116754613,599066.6015486121,1,19.94384966142104
18,18_0065,157,1111,0.064,-0.3896941382828134,0.13748668341890213,0.8306170302723361,1588.8178929739684,202456.62042509927,0,45.20616450517804
18,18_0066,157,1111,0.064,-0.8284021043412262,0.5737506849528418,0.16867797288990127,1318.865234906849,469888.25771300244,1,20.789482687112375
18,18_0067,157,1111,0.064,0.08296872833339797,0.6390388766305344,0.783633494575558,1514.1469320104566,445664.16770035424,1,25.237696184481404
18,18_0068,157,1111,0.064,0.7148744032999899,0.23582622695141675,0.4886765309771648,1441.612198713205,274695.14375272737,1,29.946558114838286
18,18_0069,157,1111,0.064,-0.11557272296524457,0.5239352179902536,0.882780656910042,1536.038182671262,392759.70656173653,1,29.458867550464717
18,18_0070,157,1111,0.064,0.05015298465055129,0.1477406924852177,0.9830113688248937,1670.8938051816908,152785.11400786613,0,46.56767666552933
18,18_0071,157,1111,0.064,-0.7077985817341548,0.020538314028828997,0.4261455063404722,1451.5228905553315,186874.24916661656,0,39.78693766373763
18,18_0072,157,1111,0.064,0.3500377217419057,0.14017374399423865,0.8607790514778151,1596.2778067584893,200085.85635585006,0,44.91135160768521
18,18_0073,157,1111,0.064,-0.5084750673518585,0.8107652169822539,0.3062176338024166,1329.4128194123432,593613.0537273794,1,20.599291023868883
18,18_0074,157,1111,0.064,-0.1645484243530071,0.7181030554376714,0.6696428880013043,1483.1324433796512,497909.9848664488,1,25.95876005650001
18,18_0075,157,1111,0.064,-0.7600887373766352,0.07358332295192582,0.37918851070324866,1409.6951591860166,182809.17098646134,2,34.26982652863291
18,18_0076,157,1111,0.064,0.6193766156164526,0.854125757780776,0.11122668247152734,1278.4487662000195,628085.6080235135,1,18.75495542898789
18,18_0077,157,1111,0.064,0.4487817584314364,0.09748634939465461,0.7664005891871195,1570.1883965239863,184553.97483808914,0,45.26670308071361
18,18_0078,157,1111,0.064,-0.3081652550906926,0.7271236653171491,0.5899518336785272,1451.8781751012077,522675.62729102327,1,26.62394001597056
18,18_0079,157,1111,0.064,-0.21593219787729945,0.18275333843853414,0.9471143053092735,1644.4535006284184,211260.07995897808,0,50.74278462667316
18,18_0080,157,1111,0.064,-0.26718772565901316,0.9430206845624496,0.26386654039016555,1289.1201063758147,663682.5980290761,1,18.42681251708244
18,18_0081,157,1111,0.064,-0.12443232342972244,0.010170961995725092,0.9049069533287101,1675.1378802591976,113585.44651236432,0,46.63727120444502
18,18_0082,157,1111,0.064,0.4650008253475477,0.9497258265947518,0.10610470660781746,1214.2156363501085,675607.7430575332,1,20.10556306022282
18,18_0083,157,1111,0.064,-0.27822011568832794,0.9492669627698173,0.24581254961900323,1307.5774728155925,654259.9474217681,1,22.83144749276388
18,18_0084,157,1111,0.064,-0.356626665346893,0.6448016528344996,0.6570826878876344,1475.6016102902383,486833.740667818,1,25.559368939707376
18,18_0085,157,1111,0.064,-0.7079367506401089,0.8947734692785168,-0.07658319956494397,1207.984972074646,647613.6162985807,2,20.766054715078575
18,18_0086,157,1111,0.064,0.0013235211508626499,0.2002063030929212,0.9965665358326988,1625.9930692093087,198892.9297816382,0,46.851251271489666
18,18_0087,157,1111,0.064,0.34684195625812353,0.8568372649654253,0.3700100467898091,1334.2864622771344,621263.6762296159,1,20.333601368429637
18,18_0088,157,1111,0.064,-0.20822976830387607,0.36097663725634377,0.9395942542264032,1617.021034252515,300470.10260778223,0,43.805192078324
18,18_0089,157,1111,0.064,0.48142240143242176,0.9657894904415316,0.05909116395745184,1242.5811492665844,675688.2186465367,2,21.025055970051714
18,18_0090,157,1111,0.064,0.8557931876287057,0.5343725070251866,0.15569037606118508,1311.7989246345333,509175.5707924241,1,22.467810388529003
18,18_0091,157,1111,0.064,-0.19200683363694204,0.40602956063053186,0.9294375643618965,1615.7181362134188,319029.3699885031,2,37.771802722061345
18,18_0092,157,1111,0.064,-0.7182182764622398,0.005488396134590401,0.4014138230305786,1501.824277343596,149862.80908750164,2,32.66445005159196
18,18_0093,157,1111,0.064,-0.10419553748446408,0.1857041730663156,0.9834215552124949,1616.0796165737706,223518.06592362112,0,47.260084337811726
18,18_0094,157,1111,0.064,-0.07010703261549689,0.42475711769560176,0.9528150383234906,1604.3350537010886,306964.72281713155,2,41.4577568625778
18,18_0095,157,1111,0.064,0.9557896448378298,0.27978681167725195,0.0852381213953134,1311.2078826352822,346451.9257859659,1,21.06360382370055
18,18_0096,157,1111,0.064,0.579501074133302,0.6126158294341718,0.482185093651038,1403.2658480179043,481428.3144929862,1,25.86189307194394
18,18_0097,157,1111,0.064,-0.996550711487362,0.487794134917517,-0.07137775046378092,1245.8551919306205,433266.91001335665,2,24.211092130957148
18,18_0098,157,1111,0.064,0.4603270041107206,0.9881921209971861,0.03387398699949462,1199.2417090773513,666228.8645218153,2,20.246739133225688
18,18_0099,157,1111,0.064,-0.5194960124494423,0.2507014291535362,0.7301232120763159,1571.3100470837765,262572.7751181248,0,43.43037832217587
18,18_0100,157,1111,0.064,0.9866666029205791,0.1762221652065158,0.018955216886265225,1291.5237074877045,334600.84367635974,2,25.361671870865713
18,18_0101,157,1111,0.064,0.2444183613809361,0.659512400691333,0.7081483755956659,1497.9134144405878,476874.87591813796,1,26.674017797972095
18,18_0102,157,1111,0.064,0.6069640925833013,0.7927508282098474,0.22387353630418316,1323.1907120537767,585302.4287070135,1,20.251740805286314
18,18_0103,157,1111,0.064,0.9133588826469667,0.8917423023179204,-0.4042357738863165,1051.5033927635886,706884.0947291768,1,14.622358375909645
18,18_0104,157,1111,0.064,0.49913332517226383,0.5245997645086226,0.6464990992482356,1487.0030922142448,445777.64637566963,1,28.15114668043265
18,18_0105,157,1111,0.064,0.4733393387965741,0.2919435079514323,0.7735149113728513,1547.5754754063928,272003.8907837143,2,34.932788333786405
18,18_0106,157,1111,0.064,0.3868844361957524,0.0850594796707751,0.8126659344184561,1621.931783373238,144260.29675256868,0,45.25273092324428
18,18_0107,157,1111,0.064,0.5553495597360283,0.10764489303984326,0.663538456151328,1600.5431494454883,194090.13497913562,0,44.41918981003331
18,18_0108,157,1111,0.064,-0.6379262444534859,0.5167716594311051,0.4945489048718996,1429.9614736695883,372432.860790279,1,26.00563465963012
18,18_0109,157,1111,0.064,-0.5711009770446394,0.3755634102501414,0.6520219854461389,1485.2278543816751,333352.5291208663,2,31.840980458543378
18,18_0110,157,1111,0.064,-0.9296893769457126,0.04495347241135017,0.07748516623351354,1367.358274554156,191325.37456476278,2,27.824986065160946
18,18_0111,157,1111,0.064,-0.8836662173534013,0.40365877029916764,0.18645440704902005,1356.8477513048501,429947.1452063638,1,23.86573482245977
18,18_0112,157,1111,0.064,-0.5513132027074898,0.8685001619617433,0.16658323300940303,1296.3217618196757,603431.9429117552,1,19.60806930029789
18,18_0113,157,1111,0.064,-0.3782121465595405,0.3815587739072648,0.8330002628633606,1574.066736331042,333599.6605257944,2,34.76669793655257
18,18_0114,157,1111,0.064,-0.9466560007074794,0.005322982040420254,0.020981733808821845,1325.7412889139787,214842.63564537457,2,26.90172025002884
18,18_0115,157,1111,0.064,0.06756463865779794,0.4487462338751643,0.9407636486970737,1601.753388487641,359369.42229268263,2,36.95937240815215
18,18_0116,157,1111,0.064,0.5883090362284009,0.22447108598256393,0.6529904357454224,1551.0518450586624,282557.552526291,2,34.04937607251706
18,18_0117,157,1111,0.064,-0.6592089135297359,0.4710468520447555,0.4978149428573452,1460.5033898129827,433076.839604266,1,28.478527503031664
18,18_0118,157,1111,0.064,-0.6308306083507087,0.6394439539862674,0.3921335832959606,1359.996535520546,502605.54935381934,1,23.74029865277749
18,18_0119,157,1111,0.064,-0.2430556205161416,0.036140336891073765,0.8776216047748719,1628.0668253253334,164943.41178270135,0,46.75465697275146
18,18_0120,157,1111,0.064,-0.7884645324793458,0.09505337815070891,0.34509398465879493,1451.1984342920216,262649.9510611258,2,30.862297291532066
18,18_0121,157,1111,0.064,-0.6937262946242568,0.5006042247600873,0.4318199839010797,1402.6000563056473,412750.3091072976,1,25.815026585269603
18,18_0122,157,1111,0.064,-0.9988578871936555,0.7861504387832445,-0.3955818442172305,1083.0573450050613,658669.5307373379,1,15.070859871025503
18,18_0123,157,1111,0.064,-0.2846441332459553,0.8284028831753549,0.45593287967085505,1359.8482154058117,595492.8902970416,1,25.45638563242694
18,18_0124,157,1111,0.064,-0.7547143047242042,0.646449387528928,0.2128670561380006,1338.869713229298,532049.1784571063,1,17.40219644860152
18,18_0125,157,1111,0.064,0.547522297392685,0.03919589118328015,0.638712936219066,1539.2829988496674,196457.21814187418,0,43.40645579836176
18,18_0126,157,1111,0.064,0.7953244208682093,0.5438904704860006,0.24791358648070583,1337.7434178188012,468512.2025316653,1,23.548367831359588
18,18_0127,157,1111,0.064,0.8419278046716534,0.2254841863395497,0.29032570304335303,1379.1601248563945,265654.99192971067,1,29.511421957738136
18,18_0128,157,1111,0.064,0.417084938382454,0.5474281970000026,0.7035992789209788,1516.241324942796,433840.90875677706,1,30.074618791143937
18,18_0129,157,1111,0.064,0.26800795392237364,0.8901325075267976,0.36101654328825894,1347.1983007081792,647790.4022207309,1,18.67436348452329
18,18_0130,157,1111,0.064,-0.17425636886970297,0.10795928499490237,0.9417100608576064,1637.80405346989,199481.12220886687,0,48.370540801268355
18,18_0131,157,1111,0.064,-0.9184963127049166,0.09571232765433724,0.12341686148817443,1347.1283479210315,259412.11121851765,2,29.67355285249893
18,18_0132,157,1111,0.064,0.017085618554971038,0.07519957207847561,0.9574171617748597,1642.6384571355716,185935.60037609152,0,47.1161193329667
18,18_0133,157,1111,0.064,-0.4172402833994917,0.2845566354533078,0.8242577278410955,1588.6452203668496,271650.1234806565,0,43.99285951064114
18,18_0134,157,1111,0.064,-0.5413215608314406,0.7863645955428084,0.3087882973958982,1316.1915914517447,573885.5269271004,1,22.79098555781189
18,18_0135,157,1111,0.064,-0.5178572569732873,0.6317430362149195,0.5301245593951402,1446.1120437033123,479834.3843531921,1,24.130854558454875
18,18_0136,157,1111,0.064,-0.027057458726635897,0.6803413702423831,0.7429444407202089,1494.8305857024448,446640.4290974507,1,30.17816488882192
18,18_0137,157,1111,0.064,-0.32892564585427997,0.45965524349403486,0.8309701047940949,1546.105993839743,364405.82835012296,2,35.478983926196626
18,18_0138,157,1111,0.064,-0.9798541103652023,0.3734413185336578,0.018795598357057353,1345.4647588517764,390869.3560507493,2,26.793234048680805
18,18_0139,157,1111,0.064,-0.8118787819196978,0.9844224080159334,-0.4056887114046608,1043.037377857752,752993.255338326,1,16.940141930254462
18,18_0140,157,1111,0.064,0.6809126941249719,0.10528514233062236,0.5073718960171635,1492.0646347175334,226740.51278641506,0,43.532831857475095
18,18_0141,157,1111,0.064,0.19676814990529934,0.6075894499635455,0.7842992990233564,1504.1887208946832,475287.15303034516,1,31.076815824881606
18,18_0142,157,1111,0.064,-0.3302732130707091,0.29173795981264683,0.8885084527704107,1623.7923835175416,211294.73936814498,0,47.67416565102242
18,18_0143,157,1111,0.064,-0.10650592951054483,0.30934733874665854,0.9837815989288379,1628.510156449964,221503.19937642253,0,44.21159659310054
18,18_0144,157,1111,0.064,0.42247552294934065,0.2026950310833242,0.8184171867173903,1579.8179936047848,245866.31547900484,0,45.11053988964342
18,18_0145,157,1111,0.064,0.9586922383052086,0.18107137090522096,0.07433319787579129,1298.6470684152393,262438.76241844374,2,27.29464892486203
18,18_0146,157,1111,0.064,-0.6766199636773567,0.9352495547731959,-0.10773423243271729,1214.9596236633042,697545.3004174585,1,16.576534560892338
18,18_0147,157,1111,0.064,0.45015600627738017,0.16989517903018025,0.7884782103686527,1591.6030284113992,236754.45057553664,0,41.822036416350954
18,18_0148,157,1111,0.064,-0.74158507073283,0.9256914374814104,-0.1818638755223212,1164.0435862222096,697367.4443366074,1,14.41451404145048
18,18_0149,157,1111,0.064,0.5026774230931537,0.7259989571480501,0.43371678242172584,1399.600875949093,497997.099484586,1,21.776138574157716
18,18_0150,157,1111,0.064,0.04558266266462829,0.5362785838816683,0.8844891030937544,1576.9480740608094,362712.1771569727,2,33.82789923444769
18,18_0151,157,1111,0.064,-0.05743529941290104,0.6363106066625744,0.7901463284989887,1538.582627318166,463887.7888957021,1,28.665292304462856
18,18_0152,157,1111,0.064,-0.953441037035494,0.6903002034683744,-0.1773740590954176,1173.464179737216,552395.5399372056,1,18.228446056441992
18,18_0153,157,1111,0.064,-0.22383529977257544,0.736064104307449,0.6228966326294201,1429.9529352251302,519175.41447414685,1,25.40338809667128
18,18_0154,157,1111,0.064,-0.8593390842647719,0.5722723475848833,0.11778621227869002,1290.7418800748242,486466.1605634495,1,18.23102992421535
18,18_0155,157,1111,0.064,-0.788732380933213,0.5247623360817011,0.2734107934417176,1361.3815333147518,462154.0344411753,1,22.1257396948139
18,18_0156,157,1111,0.064,0.4911407920018791,0.557026941387431,0.6283093830023952,1466.3298116131728,446559.9971580715,1,26.67584009151334
18,18_0157,157,1111,0.064,-0.5490647247146507,0.13229389224499655,0.6793518342292739,1556.054633143046,207836.36267463645,0,44.39956579336445
18,18_0158,157,1111,0.064,0.6589473303845779,0.16249081974892343,0.5551893062590166,1468.9187537873981,250789.0429561491,0,41.8489202512118
18,18_0159,157,1111,0.064,0.267965188501893,0.86870580425382,0.39837199724267947,1363.9898544845378,620741.3529101312,1,22.19724568217998
18,18_0160,157,1111,0.064,-0.5348755328950205,0.9749672819047243,-0.013534825077031742,1213.6699090171505,680705.7368726558,2,21.838014603033585
18,18_0161,157,1111,0.064,-0.430894002273988,0.3268814416995254,0.8061493815339964,1586.6197369523643,262905.4461143595,0,41.29092848721534
18,18_0162,157,1111,0.064,-0.40461121944823053,0.32613014262500395,0.8282678944999329,1619.0969089235111,300865.0912271175,0,43.84594124238381
18,18_0163,157,1111,0.064,0.08527271036561768,0.4504457901439035,0.9371181637784395,1589.6705972573884,376143.9401831128,2,35.42008136416005
18,18_0164,157,1111,0.064,-0.7466011405691435,0.1635165441262698,0.4322346425896244,1446.342776959054,256009.0954692116,2,34.928879753355815
18,18_0165,157,1111,0.064,-0.2337022552808259,0.8795275597147806,0.39686429609749074,1391.0909616597653,605029.0330816793,1,22.57488210313734
18,18_0166,157,1111,0.064,-0.5793128091544799,0.7355095314125814,0.3381412987793524,1355.3307159241458,520907.76836565865,1,24.396080870256
18,18_0167,157,1111,0.064,-0.3568852768818629,0.1377698986059046,0.8551995487519748,1602.2204778591424,185345.90301499987,0,46.610528659220215
18,18_0168,157,1111,0.064,-0.16591013482985528,0.6759659067550634,0.7213361749563608,1465.6147968092719,487032.1046125102,1,30.325601361350127
18,18_0169,157,1111,0.064,-0.2973042212225585,0.3401272259863417,0.9003674085359911,1582.6938261203688,307349.2538744136,2,38.100074579318324
18,18_0170,157,1111,0.064,-0.7070690574418572,0.5607248556339502,0.36642021872283137,1388.1523118760745,462217.52844340075,1,24.58647097349095
18,18_0171,157,1111,0.064,0.8124282336035558,0.8263963042906289,-0.1198772812612392,1190.7603873116102,644739.6118047138,1,18.120654454431754
18,18_0172,157,1111,0.064,0.7747718826083172,0.18943768249946646,0.3946519980150167,1453.9575078046255,255008.53094999876,0,38.014852338091316
18,18_0173,157,1111,0.064,-0.4637454233717553,0.6609353652671474,0.5512130204647357,1398.14137100897,483608.2617260467,1,24.892509467601176
18,18_0174,157,1111,0.064,-0.9107720566098683,0.08881188201400791,0.1345335558745948,1379.5218221503449,267322.6071725787,0,38.87315463850107
18,18_0175,157,1111,0.064,0.897163063806198,0.1188165758920744,0.17127962620045034,1357.2260777194501,222946.31321301396,2,28.85546810460699
18,18_0176,157,1111,0.064,-0.8018028184797923,0.6824706006861725,0.09824605279293541,1277.9264817694236,542531.5341475382,1,19.012815458132252
18,18_0177,157,1111,0.064,-0.1575027824229449,0.48870449455162324,0.896328049004261,1607.4485532151953,392333.76725264743,2,32.64208101576326
18,18_0178,157,1111,0.064,-0.4837834783872492,0.3584972410593935,0.7496606030395337,1543.949760028325,306795.7423713912,2,33.60206701298467
18,18_0179,157,1111,0.064,0.4080575379446978,0.5621486316151264,0.6986284668764134,1484.8516936174035,427153.1016250489,1,29.415584021548206
18,18_0180,157,1111,0.064,0.6058002959135411,0.7177015708893945,0.3302450887895334,1371.1243770121735,569223.0392178671,1,19.09184955502979
18,18_0181,157,1111,0.064,0.47601695537667954,0.07401970741518082,0.7305441026531017,1561.448870636403,212292.5662314531,0,44.24074531098321
18,18_0182,157,1111,0.064,-0.33058436241797495,0.2751170766336348,0.8898408062608673,1609.138491981658,282491.92737071286,0,44.71899333941518
18,18_0183,157,1111,0.064,-0.40097910538471426,0.003356913887012647,0.7550180934776237,1620.3828975641036,110593.18043200558,0,46.83233214126549
18,18_0184,157,1111,0.064,-0.905264474927054,0.3889486996552407,0.15377409737500058,1342.337696395363,409936.0796427484,1,20.6608156103917
18,18_0185,157,1111,0.064,0.820321063392037,0.3158127721160844,0.32107844503341476,1378.3435028524325,337774.5889160003,1,25.257697636515122
18,18_0186,157,1111,0.064,-0.24822491619153575,0.9140687442333334,0.3280213500576409,1357.2732570991495,629382.0874784862,1,18.68173365333118
18,18_0187,157,1111,0.064,-0.39828450426590867,0.4243520609547621,0.7992952098427347,1562.42583352931,360171.84929442283,1,33.22096545637526
18,18_0188,157,1111,0.064,0.3930346265982261,0.8517683155920974,0.3443125634012978,1324.468857669799,593314.8647392872,1,21.855806223041764
18,18_0189,157,1111,0.064,0.48834947829812325,0.469131997583516,0.6950527353297681,1524.241505964156,423821.1695678615,1,25.594089641355307
18,18_0190,157,1111,0.064,-0.1236226573659771,0.9554386208080249,0.29593730332275914,1301.0080794838336,674462.8247201924,1,19.83403318656345
18,18_0191,157,1111,0.064,-0.0019610290019156373,0.12578635535397864,0.978641096211277,1674.6859890780524,181363.426386582,0,45.605342633807055
18,18_0192,157,1111,0.064,-0.8775326363662643,0.6657266815727806,-0.009272764941927969,1250.9220940006128,533715.4752686697,2,23.958575704649874
18,18_0193,157,1111,0.064,0.22192082712528505,0.5491071960244631,0.8269239980954805,1535.5910612397547,388038.1891292874,1,33.60915945806923
18,18_0194,157,1111,0.064,0.406418398586851,0.13210736149470037,0.815587165963122,1603.9623737071752,165407.6469213261,0,41.95305710747018
18,18_0195,157,1111,0.064,0.4246535889105729,0.8485903202275773,0.32373801943207803,1346.5165571700431,610558.6602322649,1,20.92392303990559
18,18_0196,157,1111,0.064,0.6145808496047678,0.5259891177444961,0.5168647832943962,1433.6737689712884,392081.66734273615,1,26.196230856207066
18,18_0197,157,1111,0.064,-0.5282079690533135,0.19314383235509036,0.7165221216372021,1529.2374406150743,238219.83349958554,0,42.86569194448382
18,18_0198,157,1111,0.064,0.11122604026316263,0.007614704222566937,0.9063130148751785,1664.724756676874,121967.16906215122,0,46.50443348001431
18,18_0199,157,1111,0.064,-0.37975995939309426,0.7165623782827428,0.554494549257189,1431.049510586828,484376.01239833684,1,22.74127878175985
18,18_0200,157,1111,0.064,-0.21681956479166975,0.837992405744867,0.4744632289690369,1385.0598915740043,599575.687958177,1,21.581861866979498
18,18_0201,157,1111,0.064,-0.4719728583243332,0.49224138617860647,0.6960223972297501,1494.324184509591,378153.9867669373,1,27.89326013582471
18,18_0202,157,1111,0.064,-0.029411807304049242,0.6593206369585947,0.7672409887188747,1496.39837466492,461537.1159645083,1,29.63778089449021
18,18_0203,157,1111,0.064,-0.8457638330156763,0.21895502246118403,0.2833495724922014,1388.2495435737728,310736.48984413844,1,26.586802033013953
18,18_0204,157,1111,0.064,-0.5296550283021642,0.019552749535934555,0.6459625264316763,1566.8157888248816,138225.10977616542,0,44.67869281150778
18,18_0205,157,1111,0.064,0.13097790802822762,0.25504639869816137,0.982809540356202,1642.9530298701745,250139.6364970264,0,47.91508181049919
18,18_0206,157,1111,0.064,-0.9564069212369128,0.8170116336327956,-0.3596999327960042,1105.4015875308164,648486.6017624998,1,20.821177613339373
18,18_0207,157,1111,0.064,-0.7136394415462595,0.19325930111436584,0.4862626825421654,1460.073928047254,284339.85063156375,2,33.431932889594066
18,18_0208,157,1111,0.064,0.29336338940767703,0.4405783001781288,0.8636679030718002,1602.0307922582765,355519.33816887025,2,37.261879594922874
18,18_0209,157,1111,0.064,0.8548471371541309,0.15283158513241057,0.25616827404003706,1397.4358171122526,231906.82379343864,1,23.730813159863725
18,18_0210,157,1111,0.064,0.29437507363032034,0.26698745798301493,0.9129439060199882,1615.4603268522721,251261.27286104776,0,45.72511951289113
18,18_0211,157,1111,0.064,-0.3806554487361744,0.9656697568965166,0.14619734500653558,1284.1008966836446,642062.0299022706,1,18.02524355847372
18,18_0212,157,1111,0.064,-0.6569865238993722,0.18781236900505904,0.5630160410495498,1491.7051415336905,251492.3857177794,2,34.11081512131549
18,18_0213,157,1111,0.064,-0.7770987970455399,0.7847408479094484,0.00034199330107942405,1250.854541231285,584255.727306155,2,22.6872266494966
18,18_0214,157,1111,0.064,-0.4343002859381311,0.4943707432099935,0.7287298912022173,1514.659061818453,399242.685672131,1,29.545847111524076
18,18_0215,157,1111,0.064,-0.15799869413126455,0.30400311552335624,0.9709999607687612,1629.4582943737203,252930.96628698453,0,48.04555559938814
18,18_0216,157,1111,0.064,-0.9281642373211454,0.8478430303970257,-0.3561826770395893,1136.0847407902002,659432.8764412196,1,19.21844880272623
18,18_0217,157,1111,0.064,0.790577920008801,0.7900787990828386,-0.02872986174905634,1197.754349878706,581150.7117237736,2,23.27983076456517
18,18_0218,157,1111,0.064,-0.6510161159518415,0.3960552026783334,0.5466525880797548,1471.38965576528,322553.1426246318,1,27.770025541304232
18,18_0219,157,1111,0.064,0.41001655326505637,0.2508648074572305,0.8318853909040922,1569.3854411504701,257164.40195642965,0,45.42013146954933
18,18_0220,157,1111,0.064,-0.4896040513699891,0.23582148849785056,0.760009630406776,1532.1726445305762,263102.94526090805,2,35.95035057519754
18,18_0221,157,1111,0.064,-0.8663924728061214,0.48397499846555336,0.17359342575422887,1335.1992543858341,424273.32690012566,1,23.590313854199895
18,18_0222,157,1111,0.064,-0.8965056239338371,0.7957463798574325,-0.21595639758927976,1146.8574886988508,631356.7544927347,1,17.031033565035624
18,18_0223,157,1111,0.064,-0.8611869834050054,0.9934890750522605,-0.5067309161953009,1031.2189746888373,761762.7016317633,1,16.485617054484155
18,18_0224,157,1111,0.064,-0.12254986322638062,0.9004445320023442,0.3994063210415364,1395.8972249511644,646416.1068877996,1,22.283839918367548
18,18_0225,157,1111,0.064,0.5424237412396837,0.36592916426748545,0.6871750024097762,1539.8258220319553,315191.08361346007,2,35.15646848673297
18,18_0226,157,1111,0.064,0.512097269071192,0.5836815851150307,0.583647874560167,1469.9894074683134,444030.46189526824,1,27.116004042902507
18,18_0227,157,1111,0.064,0.5654242054630156,0.16278846147938886,0.6697683364562654,1532.1089190012954,221694.75963044845,0,44.96249718380398
18,18_0228,157,1111,0.064,0.3069347675634968,0.5945363406217563,0.7414930692094883,1551.0306290242745,424279.48065284034,2,35.16118763726027
18,18_0229,157,1111,0.064,0.7922038730740777,0.4336510881144773,0.3257310550910929,1377.376094856913,391891.16212080873,1,24.249999993559275
18,18_0230,157,1111,0.064,0.3912342712902952,0.06536897223962068,0.7997542689653857,1593.0678212619478,160836.91515908664,0,46.81722823209511
18,18_0231,157,1111,0.064,0.3798206449344679,0.7755409018641138,0.4734618977062761,1403.3335913734195,568040.0693465357,1,21.87863185493947
18,18_0232,157,1111,0.064,-0.6794511797773553,0.7729315638839585,0.1598583150519317,1303.6254836583341,611594.500348228,1,18.377351005375353
18,18_0233,157,1111,0.064,0.11276671716508835,0.5328087684579272,0.8765835989645986,1559.4877149867152,386086.37763355434,2,36.41803444111564
18,18_0234,157,1111,0.064,0.5384065630661532,0.9196681307115652,0.08941884995355953,1242.9288755805433,689367.0903990519,1,16.193448122799172
18,18_0235,157,1111,0.064,-0.327485224023093,0.5185932856859061,0.7929024202741559,1555.8624530197112,403976.43901565124,1,28.942674876871397
18,18_0236,157,1111,0.064,-0.6511684954914729,0.8314402072509596,0.10805887821911009,1286.9142677187224,597139.7831306151,1,18.295556368200163
18,18_0237,157,1111,0.064,-0.15338811156128185,0.4006708898563054,0.9450510255706382,1626.4926391437684,332574.62605165015,2,38.439928281518995
18,18_0238,157,1111,0.064,-0.4771255505945291,0.08686521852818196,0.7355166665119328,1560.0290196684518,194020.6395013301,0,42.33768427425611
18,18_0239,157,1111,0.064,-0.13772428726151964,0.6838995770678498,0.7204523072316504,1529.1154695145387,457779.7581076656,1,26.87321418377514
18,18_0240,157,1111,0.064,-0.873519673195372,0.8079184187081999,-0.193864248433548,1197.7913732558409,642148.0375990449,1,14.23020691450583
18,18_0241,157,1111,0.064,-0.5444278093731056,0.4725007611103369,0.6350771303539637,1480.085862879701,384196.6533950824,2,32.680945004239234
18,18_0242,157,1111,0.064,0.7489866080368845,0.7915725888150836,0.033066301180887825,1264.32180853027,640871.489236737,2,21.183812859852708
18,18_0243,157,1111,0.064,0.8981809824627593,0.7678708655237956,-0.17792663207903425,1148.3684438237804,651308.3609443348,1,16.673926054246998
18,18_0244,157,1111,0.064,0.16827495466497844,0.3782516822790678,0.9489174579613424,1621.9196948147826,295153.1298775587,0,44.78205292481029
18,18_0245,157,1111,0.064,-0.027674813796892073,0.4407115082022164,0.9488937872269626,1611.900859559219,321873.90757470793,2,35.326761690569015
18,18_0246,157,1111,0.064,-0.5256923657409471,0.06373548757487968,0.6756275108730111,1595.0939068076243,218197.87734799093,0,42.36875813632927
18,18_0247,157,1111,0.064,0.9798670251790615,0.6344236324636553,-0.16468129595582637,1196.6536838314114,565406.0709113486,1,17.636291237111195
18,18_0248,157,1111,0.064,0.09556488452644096,0.3093889164508735,0.9859856318804531,1645.8918701230946,261886.2534737003,0,47.126001402072234
18,18_0249,157,1111,0.064,0.27371079733388504,0.3212254315588653,0.9180608601830612,1578.548986121621,263443.3053967078,0,43.5587939232279
